anv_verb;diaz_verb;rummad;galleg;;;
addezrannañ;addezrann;d1;;;;
addigeriñ;addigor;d1;rouvrir;;;
addiuzañ;addiuz;d1;;;;
embann;adembann;d1;éditer;;;
adenbeniañ;adenbeni;d1;rembobiner ;;;
adkennaskañ;adkennask;d1;reconnecter;;;
adkevraouiñ;adkevraou;d1;;;;
adlâret;adlâr;d1;;;;
adpellgargañ;adpellgarg;d1;retélécharger;;;
adsavelañ;adsavel;d1;rétablir;;;
adstandilhonañ;adstandilhon;d1;échantillonner;;;
adventañ;advent;d1;redimensionner;;;
aelañ;ael;d1;;;;
amfraouiñ;amfraou;d1;;;;
amskogañ;amskog;d1;;;;
amspinañ;amspin;d1;envelopper;;;
amstrewiñ;amstrew;d1;;;;
angerc’hañ;angerc'h;d1;;;;
envel;anv;d1;;;;
ardaoliñ;ardaol;d1;;;;
argammediñ;argammed;d1;;;;
argeflenañ;argeflen;d1;;;;
argizañ;argiz;d1;;;;
arlediñ;arled;d1;se dilater;;;
aroueziñ;arouez;d1;;;;
arren;arre;d1;répéter;;;
arredaoliñ;arredaol;d1;;;;
arrevellañ;arrevell;d1;;;;
arventennañ;arventenn;d1;paramétrer;;;
askouezhañ;askouezh;d1;;;;
assav;assav;d1;relever; rebâtir; restaurer;
atoriñ;ator;d1;;;;
azvuiadañ;azvuiad;d1;;;;
babouzañ;babouz;d1;baver;;;
bac’hiñ ;bac’h;d1;détenir;;;
bac'hañ;bac’h;d1;détenir;;;
bac'haouiñ;bac’haou;d1;pêcher avec une ligne de fond;;;
bac'hellat;bac’hell;d1;haleter;;;
badañ;bad;d1;hébéter;;;
badaouiñ;badaou;d1;étourdir; abasourdir;;
badeziñ;badez;d1;baptiser;;;
badinellañ;badinell;d1;éblouir;;;
bageal;bage;d1;naviguer;;;
bailhañ;bailh;d1;marquer d’une tâche blanche au front;;;
baionetezañ;baionetez;d1;se battre à la baïonnette;;;
balat ;bal;d1;danser le bal;;;
balafennañ;balafenn;d1;papillonner;;;
balañsiñ;balañs;d1;équilibrer;;;
balastrañ;balastr;d1;ballaster;;;
balbiñ;balb;d1;altérer; donner soif;;
balbouzañ;balbouz;d1;bredouiller;;;
bale;bale;d1;se promener;;;
baleadenniñ;baleadenn;d1;se promener;;;
balegiñ;baleg;d1;faire saillie;;;
balirañ;balir;d1;saillir;;;
balizennañ;balizenn;d1;baliser;;;
ballinañ;ballin;d1;bâcher;;;
balodiñ;balod;d1;mettre en ballot;;;
baltriñ;baltr;d1;battre (la terre);;;
balzamañ;balzam;d1;embaumer;;;
bamiñ;bam;d1;charmer;;;
bamañ;bam;d1;charmer;;;
bannikat;bannik;d1;jongler;;;
bargediñ;barged;d1;planer; badauder;;
barlennañ;barlenn;d1;tenir sur ses genoux rapiécer aux genoux;;;
barn;barn;d1;juger;;;
barrañ;barr;d1;combler; se grouper par essaim;;
barradiñ;barrad;d1;tomber par averses;;;
barrennañ;barrenn;d1;barrer;;;
barrskubañ;barrskub;d1;brosser;;;
barrskuberañ;barrskuber;d1;brosser;;;
barrstrakal;barrstrak;d1;faire un très mauvais temps;;;
barvenniñ;barvenn;d1;se hérisser de poils de barbe;;;
bastrouilhiñ;bastrouilh;d1;salir;;;
batelliñ;batell;d1;;;;
bavañ;bav;d1;engourdir;;;
bazailhat;bazailh;d1;bailler;;;
bazhañ;bazh;d1;garnir de barreaux;;;
bazhouliñ;bazhoul;d1;former des pousses (d’oseille); monter en tige;;
bazhvalaniñ;bazhvalan;d1;faire l’entremetteur;;;
bazhyevañ ;bazhyev;d1;subjuguer (soumettre);;;
beajiñ;beaj;d1;voyager;;;
bebeilpennañ;bebeilpenn;d1;mettre sens dessus dessous;;;
begañ;beg;d1;mettre une pointe piquer mordre; émouvoir affliger;;
begadiñ;begad;d1;embecquer poindre;;;
begennañ;begenn;d1;former pointe;;;
beginañ;begin;d1;mettre en deuil;;;
begiviniñ;begivin;d1;buter trébucher;;;
begsec’hañ;begsec’h;d1;sécher du bout (plantes);;;
beilhañ;beilh;d1;veiller;;;
bekañ bekat ;bek;d1;picorer;;;
beketal;beket;d1;picorer becqueter;;;
belbetat;belbet;d1;bricoler;;;
belbiañ;belbi;d1;déraisonner baguenauder;;;
belegiñ;beleg;d1;ordonner prêtre;;;
bellañ;bell;d1;batailler;;;
benañ;ben;d1;tailler la pierre;;;
bennigañ;bennig;d1;bénir;;;
beogal;beog;d1;beugler;;;
beoniñ;beon;d1;couper à l’étrape;;;
berañ;ber;d1;s’égouter;;;
beradiñ;berad;d1;goutter;;;
beraouañ;beraou;d1;embrocher (un crapaud);;;
berediñ;bered;d1;porter au cimetière;;;
berenniñ;berenn;d1;se liquéfier;;;
berlañchañ;berlañch;d1;croiser (des animaux);;;
berlobiañ;berlobi;d1;déraisonner dérailler;;;
berlutiñ;berlut;d1;;;;
berranalañ;berranal;d1;être hors d’haleine;;;
berrdaolennañ;berrdaolenn;d1;;;;
berridañ;berrid;d1;;;;
berrsellout;berrsell;d1;être regardant;;;
berrskrivañ;berrskriv;d1;sténographier;;;
berrzastum;berrzastum;d1;;;;
berviñ;berv;d1;bouillir;;;
berzañ berziñ ;berz;d1;interdire;;;
beskañ;besk;d1;tronquer; courtauder;;
beskellañ;beskell;d1;biaiser;;;
beskornañ;beskorn;d1;enlever une corne;;;
besteodiñ;besteodiñ;d1;bredouiller;;;
beugal;beug;d1;roter;;;
beulkeañ;beulke;d1;hébéter;;;
beuziñ;beuz;d1;se noyer; noyer;;
beuzetat;beuzet;d1;être oisif;;;
bevañ;bev;d1;vivre nourrir;;;
bevegenniñ;bevegenn;d1;vivoter;;;
bevennañ;bevenn;d1;border;;;
beveziñ;bevez;d1;consommer; absorber; dissoudre;
bevezañ;bevez;d1;consommer; absorber; dissoudre;
bevhilgenniñ;bevhilgenn;d1;vivoter;;;
bevskejañ;bevskej;d1;faire une vivisection;;;
piaouañ;piaou;d1;posséder;;;
bihanaat;bihana;d1;s’amenuiser;;;
bilbilhat;bilbilh;d1;;;;
bilhiñ;bilh;d1;baillonner;;;
bilirazañ;biliraz;d1;;;;
bindedañ;binded;d1;peser au trébuchet;;;
biniaouañ;biniaou;d1;;;;
binimañ;binim;d1;s’infecter;;;
binnigañ;binnig;d1;;;;
binnizien;binnig;d1;;;;
biñsañ;biñs;d1;visser;;;
bioc'hennañ;bioc’henn;d1;bruire;;;
birviñ;birv;d1;;;;
birvilhañ;birvilh;d1;s’agiter;;;
bisac’hañ;bisac’h;d1;mendier;;;
bitailhañ;bitailh;d1;ravitailler;;;
bitailhiñ;bitailh;d1;ravitailler;;;
bitellat;bitell;d1;bricoler;;;
blejal;blej;d1;beugler;;;
bloaziadañ;bloaziad;d1;;;;
blodañ;blod;d1;caler;;;
boikotiñ;boikot;d1;boycotter;;;
bokediñ;boked;d1;fleurir;;;
bolbosañ;bolbos;d1;cabosser;;;
bolc'hennañ;bolc'henn;d1;;;;
boleat boleañ;bole;d1;carillonner;;;
bolodiñ;bolod;d1;se renvoyer la balle;;;
bonegañ;boneg;d1;;;;
bourboutal;bourbout;d1;marmotter;;;
brasjediñ;brasjed;d1;calculer en gros;;;
braslenn;braslenn;d1;parcourir; lire rapidement;;
brastresañ;brastres;d1;schématiser;;;
breinañ;brein;d1;pourrir;;;
brezeliñ;brezel;d1;faire la guerre;;;
brezhonegañ;brezhoneg;d1;parler breton;;;
brifal;brif;d1;bâfrer;;;
brigadennañ;brigadenn;d1;embrigader;;;
brigoñ;brigoñs;d1;courir comme les vaches;;;
brigoñsañ;brigoñs;d1;courir comme les vaches;;;
brijañ;brij;d1;embrocher (un crapaud);;;
brikañ;brik;d1;briquer; poncer; barioler;
brikailhat;brikailh;d1;bigarrer; barioler;;
brikemardiñ;brikemard;d1;sculpter avec excès; barioler;;
brikennañ;brikenn;d1;briqueter;;;
brimbalat;brimbal;d1;tinter; faire sonner;;
brizañ;briz;d1;briser;;;
brizhañ;brizh;d1;moucheter; déraisonner;;
brizhc'hoarzhin;brizhc'hoarzh;d1;ricaner;;;
brizhkelaouiñ;brizhkelaou;d1;;;;
broadiñ;broad;d1;nationaliser;;;
broadelañ;broadel;d1;nationaliser;;;
broc'hañ;broc’h;d1;se fâcher; se brouiller ;;
brochañ;broch;d1;embrocher sur une corne;;;
brochennat;brochenn;d1;tricoter;;;
brodiñ;brod;d1;broder;;;
brodikinañ;brodikin;d1;chausser des brodequins;;;
broediñ;broed;d1;tricoter;;;
broelañ;broel;d1;acclimater;;;
brumenniñ;brumenn;d1;brumer embrumer;;;
buhezañ;buhez;d1;animer;;;
bukañ;buk;d1;"pointer, braquer; mesurer (un coup contesté au jeu)";;;
burbuenniñ;burbuenn;d1;se couvrir de pustules;;;
burlutiñ;burlut;d1;éblouir;;;
burutellañ;burutell;d1;tamiser; bluter; examiner; critiquer
burzhudiñ;burzhud;d1;raconter des choses merveilleuses;;;
busellat;busell;d1;beugler; barrir;;
busellat;busell;d1;mugir;;;
butukañ;butuk;d1;palper; tâter (les bestiaux);;
butuniñ;butun;d1;fumer;;;
butunat;butun;d1;fumer;;;
buzhugenniñ;buzhugenn;d1;travailler lentement; flâner à son travail;;
c’hoalat;c’hoal;d1;disperser; répandre; carder la laine; effilocher une étoffe…
c’hoaliñ;c’hoal;d1;disperser; répandre; carder la laine; effilocher une étoffe…
c’hoari;c’hoari;d1;jouer;;;
c’hoariellañ;c’hoariell;d1;jouer; s'amuser; folâtrer;
c’hoarvezout;c’hoarvez;d1;survenir;;;
c’hoarzhin;c’hoarzh;d1;rire;;;
c'hwelañ;c'hwel;d1;;;;
c’hwibanat;c’hwiban;d1;siffler;;;
c'hwilañ;c'hwil;d1;travailler vouvoyer;;;
c'hwilat;c'hwil;d1;travailler vouvoyer;;;
derc’hel delc’her  ;dalc’h;d1;;;;
;damouezh;d1;;;;
daouglikañ;daouglik;d1;;;;
darguzhat;darguzh;d1;;;;
;darre;d1;;;;
;darrur;d1;;;;
;dasfaout;d1;;;;
;dassamm;d1;;;;
;dastaol;d1;;;;
;dastap;d1;;;;
;dazeil;d1;;;;
debriñ;debr;d1;manger;;;
;dehent;d1;;;;
;delusk;d1;;;;
deneveziñ ;denevez;d1;renouveler;;;
;derann;d1;;;;
;desteud;d1;;;;
;destrizh;d1;;;;
;deverk;d1;;;;
;dewel;d1;;;;
;dezvonn;d1;;;;
;dianliv;d1;;;;
;dianwered;d1;;;;
diflukañ;difluk;d1;éclore;;;
;digennask;d1;;;;
;digevask;d1;;;;
diglañvañ  ;diglañv;d1;sortir de maladie;;;
diglañviñ;diglañv;d1;sortir de maladie;;;
;digoazh;d1;;;;
;digoubl;d1;;;;
dilemel;dilam;d1;;;;
dilugañ;dilug;d1;débrancher;;;
;diskarzh;d1;;;;
;diskas;d1;;;;
;diskoulz;d1;;;;
dispegañ;dispeg;d1;décoller;;;
diuzañ;diuz;d1;séléctionner;;;
;divraz;d1;;;;
;diziuz;d1;;;;
dougen;doug;d1;;;;
dougen;doug;d1;;;;
droukc'hoantañ;droukc’hoant;d1;souhaiter une mauvaise chose;;;
dudiañ;dudi;d1;;;;
duvelliñ;duvell ;d1;;;;
ec’hankañ;ec'hank;d1;;;;
emdizhañ;emdizh;d1;;;;
emgoulmañ;emgoulm;d1;;;;
enankañ;enank;d1;;;;
enbloskañ;enblosk;d1;;;;
enrinegañ;enrineg;d1;crypter; chiffrer; encrypter;
ensammañ;ensamm;d1;;;;
erouezañ;erouez;d1;;;;
erspizañ;erspiz;d1;;;;
esaouiñ;esaou;d1;;;;
etreletodiñ;etreletod;d1;;;;
ezrinegañ;ezrineg;d1;déchiffrer; décrypter;;
faziañ;fazi;d1;;;;
flodañ;flod;d1;tromper frauder flotter;;;
fuzuilhañ;fuzuilhañ;d1;fusiller;;;
gervel;galv;d1;appeler;;;
genel;gan;d1;générer engendrer;;;
;gavael;d1;;;;
glabousat;glabous;d1;raconter;;;
;glenn;d1;;;;
goubredañ;goubred;d1;synchroniser;;;
;gouluz;d1;;;;
gounit;gounez;d1;gagner;;;
;gourfenn;d1;;;;
;gouskog;d1;;;;
;gouzav;d1;;;;
gwac’hat;gwac’h;d1;croasser;;;
gwadañ;gwad;d1;saigner;;;
gwagennañ;gwagenn;d1;;;;
gwagrennañ;gwagrenn;d1;;;;
gwalañjeriñ;gwalañjer;d1;;;;
gwalarniñ;gwalarn;d1;;;;
gwalc’hañ;gwalc’h;d1;;;;
gwalenniñ;gwalenn;d1;;;;
gwalennadiñ;gwalennad;d1;;;;
gwallañ;gwall;d1;;;;
gwallaozañ;gwallaoz;d1;;;;
gwallbediñ;gwallbed;d1;;;;
gwallchoaz;gwallchoaz;d1;;;;
gwalldapout;gwalldap;d1;;;;
gwalldretiñ;gwalldret;d1;;;;
gwallegañ;gwalleg;d1;;;;
gwallfinveziñ;gwallfinvez;d1;;;;
gwallgas;gwallgas;d1;;;;
gwallgeme;gwallgemer;d1;;;;
gwallgemerout;gwallgemer;d1;;;;
gwallgomz;gwallgomz;d1;;;;
gwallgunduiñ;gwallgundu;d1;;;;
gwallhentiñ;gwallhent;d1;;;;
gwallimplijout;gwallimplij;d1;;;;
gwallsammañ;gwallsamm;d1;;;;
gwallvantrañ;gwallvantr;d1;navrer;;;
gwallvevañ;gwallvev;d1;;;;
gwallvlazañ;gwallvlaz;d1;avoir mauvais goût; mauvaise odeur; puer;
gwallvrudañ;gwallvrud;d1;diffamer;;;
gwanañ;gwan;d1;;;;
gwangellañ;gwangell;d1;;;;
gwanikenniñ;gwanikenn;d1;;;;
gwarañ;gwar;d1;;;;
gwarantiñ;gwarant;d1;garantir;;;
gwarediñ;gwared;d1;;;;
gwaregañ;gwareg;d1;tirer à l’arc;;;
gwareziñ;gwarez;d1;abriter;;;
gwarigellañ;gwarigell;d1;gondoler;;;
gwarnisañ;gwarnis;d1;garnir;;;
gweskel;gwask;d1;;;;
gwaskañ;gwask;d1;;;;
gwaskarat ;gwaskar;d1;disperser; décomposer;;
gwaskediñ;gwasked;d1;abriter;;;
gwaskedenniñ;gwaskedenn;d1;;;;
gwaskennañ;gwaskenn;d1;oppresser;;;
gwaskerellañ;gwaskerell;d1;mettre sous presse;;;
gwastañ;gwast;d1;dévaster;;;
gwastelliñ;gwastell;d1;finir le battage;;;
gwatalañ;gwatal;d1;vicier;;;
gwazhiñ;gwazh;d1;creuser son lit (à un cours d’eau);;;
gwazhenniñ;gwazhenn;d1;veiner marbrer vasculariser;;;
gweañ;gwe;d1;tordre;;;
gweadennañ;gweadenn;d1;entrelacer;;;
gwedennañ;gwedenn;d1;torsader;;;
gwegañ;gweg;d1;;;;
gwelat;gwel;d1;;;;
gweladenniñ;gweladenn;d1;;;;
gweladuriñ;gweladur;d1;contempler;;;
gwelchañ;gwelch;d1;;;;
gwelchat;gwelch;d1;;;;
gweleañ;gwele;d1;;;;
gweleadiñ;gwelead;d1;;;;
gweleadañ ;gwelead;d1;;;;
gweleviñ;gwelev;d1;;;;
gwenc'hoarzh;gwenc’hoarzh;d1;;;;
gwenc'hoarzhin;gwenc’hoarzhin;d1;;;;
gwennañ;gwenn;d1;;;;
gwennrazañ;gwennraz;d1;;;;
gwentañ;gwent;d1;;;;
gweñviñ;gweñv;d1;;;;
gwerañ;gwer1;d1;;;;
gwerblennañ ;gwerblenn;d1;;;;
gwereañ;gwere;d1;visualiser;;;
gwerediñ;gwered;d1;;;;
gwerelañ;gwerel;d1;;;;
gwerenniñ ;gwerenn;d1;;;;
gwerennañ;gwerenn;d1;;;;
gwerinelañ;gwerinel;d1;;;;
gwernisañ;gwernis;d1;vernir;;;
gwerziñ;gwerz;d1;faire des vers;;;
gwerzhañ;gwerzh;d1;vendre;;;
gweskennañ;gweskenn;d1;mettre le mors;;;
gweturañ;gwetur;d1;voiturer;;;
gwezboellat;gwezboell;d1;;;;
gwezelañ;gwezel;d1;maquiller;;;
gwiadiñ;gwiad;d1;tisser;;;
gwiadenniñ ;gwiadenn;d1;tisser;;;
gwialennañ;gwialenn;d1;frapper avec une baguette;;;
gwialenniñ;gwialenn;d1;frapper avec une baguette;;;
gwic'hal;gwic’h;d1;piauler;;;
gwichañ;gwich;d1;esquiver;;;
gwidilañ;gwidil;d1;serpenter;;;
gwidreal;gwidre;d1;être de mauvaise humeur;;;
gwiflañ;gwifl;d1;faire des chevrons;;;
gwignal;gwign;d1;cligner;;;
gwigourat;gwigour;d1;grincer;;;
gwikal;gwik;d1;piauler;;;
gwikefreañ;gwikefre;d1;installer;;;
gwilat ;gwil;d1;battre;;;
gwilc'hañ;gwilc'h;d1;cligner;;;
gwilchat;gwilch;d1;tondre;;;
gwildronañ;gwildron;d1;entortiller;;;
gwilgat;gwilg;d1;cligner;;;
gwilioudiñ;gwilioud;d1;accoucher;;;
gwinañ;gwin;d1;aviner;;;
gwinegrañ;gwinegr;d1;vinaigrer;;;
gwinkal;gwink;d1;ruer;;;
gwintañ;gwint;d1;soulever ;;;
gwinterellañ;gwinterell;d1;guinder;;;
gwiskañ;gwisk;d1;vêtir;;;
gwispidiñ;gwispid;d1;biscuiter;;;
gwisponat;gwispon;d1;enduire badigeonner;;;
gwrac'hat;gwrac’h;d1;se flétrir;;;
gwrac'hellat;gwrac’hell;d1;flétrir;;;
gwrac'henniñ;gwrac’henn;d1;flétrir;;;
gwreziñ;gwrez;d1;chauffer;;;
gwriat;gwri;d1;coudre;;;
gwrimennañ;gwrimenn;d1;;;;
gwriziaouiñ;gwriziaou;d1;raciner;;;
gwriziennañ;gwrizienn;d1;s’enraciner;;;
herzel;harz;d1;;;;
hennadiñ;hennad;d1;;;;
hêrezhiñ;hêhêrezh;d1;hériter;;;
huzvannañ;huzvann;d1;;;;
ijinadennañ;ijinadenn;d1;;;;
kabaduilhañ;kabaduilh;d1;causer une émeute;;;
kabalat;kabal;d1;;;;
kanañ ;kan;d1;chanter;;;
kantren;kantre;d1;;;;
kavnezañ;kavnez;d1;calibrer;;;
kedaozañ;kedaoz;d1;;;;
kefluskañ;keflusk;d1;s’agiter;;;
;kemed;d1;;;;
;kendaol;d1;;;;
;kendod;d1;;;;
;kenforc'h;d1;;;;
kengervel;kengalv;d1;;;;
kengeidañ;kengeid;d1;;;;
;kengerc'h;d1;;;;
;kentdespiz;d1;;;;
kevamsaviñ;kevamsav;d1;;;;
kevaskañ;kevask;d1;;;;
keveliñ;kevel;d1;être associé;;;
keveleriñ;kevelerm0d1 po:v st:keveler;d1;s’associer collaborer;;;
kevelstrollañ;kevelstroll;d1;juxtaposer;;;
kleñvel;klañv;d1;;;;
kregiñ;krog;d1;;;;
kuzhutal;kuzhut;d1;converser en secret;;;
kuzumiñ;kuzum;d1;se comsommer;;;
lemel;lam;d1;;;;
lanviñ;lanv;d1;;;;
leuskel;laosk;d1;;;;
lâret ;lâr;d1;;;;
lezel;lez;d1;;;;
leskiñ;losk;d1;;;;
lureiñ;lure;d1;;;;
mac’hañ;mac’h;d1;presser; fouler;;
mac’hellañ;mac’hell;d1;piétiner;;;
maeiñ;mae;d1;orner d’une branche de verdure;;;
magañ;mag;d1;nourrir;;;
mailhañ;mailh;d1;salir de boue; former des mailles;;
malañ;mal;d1;moudre;;;
menel;man;d1;;;;
menel;man;d1;;;;
mannañ;mann;d1;fumer (la terre);;;
maoutañ;maout;d1;donner des coups de tête; abrutir;;
mervel;marv;d1;;;;
mediñ;med;d1;moissonner;;;
meginañ;megin;d1;mégir; mégisser;;
melestriñ;melestr;d1;administrer; régir; gérer;
mellañ;mell;d1;jouer au ballon; battre les cartes;;
menaliñ;menal;d1;mettre en gerbiers;;;
mentañ;ment;d1;dimensionner;;;
merañ;mer;d1;administrer; régir; gérer;
merennañ;merenn;d1;déjeuner;;;
merzout;merz;d1;percevoir; sentir;;
meudañ;meud;d1;tâter avec le pouce;;;
miaoual;miaou;d1;miauler;;;
michodiñ;michod;d1;mûrir; blettir;;
mignañ;mign;d1;choyer; gâter;;
mikrofilmañ;mikrofilm;d1;microfilmer;;;
milligañ;millig;d1;maudire;;;
minc'hoarzh;minc’hoarzh;d1;sourire;;;
mouchañ;mouch;d1;bander les yeux; voiler;;
mouezhañ;mouezh;d1;sentir mauvais; puer;;
mouspenniñ;mouspenn;d1;se renfrogner;;;
moustrañ;moustr;d1;fouler presser chiffonner;;;
moustreal;moustre;d1;avoir des cauchemars;;;
moustrouzal;moustrouz;d1;bruire;;;
mouziñ;mouz;d1;fienter vesser;;;
mouzhañ;mouzh;d1;bouder être fâché;;;
muchañ;much;d1;mesurer à l’oeil;;;
mudañ;mud;d1;devenir ou rendre muet;;;
mudurunañ;mudurun;d1;munir de gonds;;;
muiañ;mui;d1;augmenter;;;
munsat;muns;d1;manger par petites bouchées;;;
muntrañ;muntr;d1;assassiner;;;
munudañ;munud;d1;amincir diminuer rapetisser;;;
munutenniñ;munutenn;d1;minuter;;;
munuzat;munuz;d1;menuiser;;;
murlivañ;murliv;d1;peindre une fresque;;;
musellat;musell;d1;meugler;;;
muskañ;musk;d1;musquer;;;
muzañ muzat;muz;d1;muer (en parlant des oiseaux);;;
muzevañ;muzev;d1;boire du bout des lèvres;;;
muzikat;muzik;d1;jouer de la musique;;;
naoudiañ;naoudi;d1;identifier;;;
paboriñ;pabor;d1;frimer crâner;;;
pac'humiñ;pac’hum;d1;entraver (à clef);;;
padventañ;padvent;d1;;;;
pafalañ;pafal;d1;tâter;;;
pailhardiñ;pailhard;d1;paillarder;;;
pailhourennañ;pailhourenn;d1;mettre en paillettes;;;
pajennañ;pajenn;d1;paginer;;;
pajennaozañ;pajennaoz;d1;mettre en page;;;
pakañ;pak;d1;emballer;;;
palañchiñ;palañch;d1;empanacher panacher caparaçonner;;;
palañchenniñ;palañchenn;d1;panacher;;;
palevarzhiñ;palevarzh;d1;diviser en quarts; écarteler;;
palforsiñ;palfors;d1;violer;;;
palichat;palich;d1;gauler;;;
pallennañ;pallenn;d1;tendre; tapisser;;
palouerañ;palouer;d1;brosser;;;
paltokiñ;paltok;d1;mettre un paletot; tromper;;
paluc'hat;paluc’h;d1;paisseler briser le lin ou le chanvre;;;
panellañ;panell;d1;garnir de panneaux;;;
pañsioniñ;pañsion;d1;pensionner;;;
pantilhoniñ;pantilhon;d1;étayer;;;
paourenteziñ;paourentez;d1;grelotter;;;
paperañ;paper;d1;tapisser; garnir de papier;;
paperachiñ;paperach;d1;faire de la paperasse;;;
parañ pariñ;par;d1;"parer, briller ; caresser";;;
parafinañ;parafin;d1;paraffiner;;;
paramantiñ;paramant;d1;équiper; armer;;
parchiñ;parch;d1;parcheminer; rétrécir; ratatiner;
pardonañ;pardon;d1;aller au pardon; en pèlerinage;;
pareañ;pare;d1;guérir; se rétablir;;
parediñ;pared;d1;cuire à l’eau;;;
paredenniñ;paredenn;d1;brûler à la surface;;;
parfoeltrañ;parfoeltr;d1;démolir;;;
pariañ;pari;d1;parier;;;
parigellañ;parigell;d1;apparier;;;
parkañ;park;d1;parquer;;;
parkediñ;parked;d1;parqueter;;;
parlant;parlant;d1;parler;;;
parlantal;parlant;d1;parler;;;
parlikanat;parlikan;d1;tenir un discours oiseux;;;
parlochat;parloch;d1;aller à quatre pattes;;;
parlochañ;parloch;d1;aller à quatre pattes;;;
parpilhotañ;parpilhot;d1;papilloter;;;
parstrakal;parstrak;d1;craquer très fort;;;
parvarchañ;parvarch;d1;faire un faux pas;;;
pasamantiñ;pasamant;d1;passementer;;;
paseal;pase;d1;passer; épier; guetter;
paseadenniñ;paseadenn;d1;repriser (une chaussette);;;
pasepiañ;pasepi;d1;piétiner;;;
pasiantiñ;pasiant;d1;patienter;;;
paskañ;pask;d1;communier (religieux);;;
pastellañ;pastell;d1;dépecer;;;
pasteurizañ;pasteuriz;d1;pasteuriser;;;
pastezañ;pastez;d1;pâtisser; faire des pâtés;;
pastezlivañ;palezliv;d1;pasteller;;;
pasturiñ;pastur;d1;paître;;;
patouilhañ;patouilh;d1;patouiller patauger;;;
patromañ;patrom;d1;faire un modèle;;;
pauniñ;paun;d1;faire la roue (paon; se pavaner;;
pavañ;pav;d1;paver;;;
pavezañ;pavez;d1;paver daller;;;
pazeal;paze;d1;déambuler;;;
peanviñ;peanv;d1;apostropher;;;
pebeilañ;pebeil;d1;alterner;;;
pebrañ;pebr;d1;poivrer pimenter;;;
pec’hiñ;pec’h;d1;pécher jurer blasphémer;;;
pediñ;ped;d1;prier;;;
pegañ;peg;d1;coller;;;
pegementiñ;pegement;d1;proportionner;;;
peisellat;peisell;d1;soutenir avec des échalas;;;
pelestrañ;pelestr;d1;encuver cuver;;;
pelleilañ;pelleil;d1;;;;
pellenniñ;pellenn;d1;(se) pelotonner;;;
pellgargañ;pellgarg;d1;télécharger;;;
pellgehentiñ;pellgehent;d1;télécommuniquer;;;
pellgelaouiñ;pellgelaou;d1;transmettre des nouvelles;;;
pellgomz;pellgomz;d1;téléphoner;;;
pellsantout;pellsant;d1;éprouver par télépathie;;;
pellskrivañ;pellskriv;d1;télégraphier;;;
pellwerzhañ;pellwerzh;d1;vendre par correspondance;;;
peluziñ;peluz;d1;être rendre ou devenir paralytique;;;
pemoc’hañ;pemoc’h;d1;salir cochonner;;;
pempenniñ;pempenn;d1;faire des tas de cinq gerbes;;;
pempkementiñ;pempkement;d1;quintupler;;;
pempvedenniñ;pempvedenn;d1;diviser par cinq;;;
penediñ;pened;d1;faire pénitence;;;
pengenniñ;pengenn;d1;achever réussir;;;
penitiat;peniti;d1;vivre dans un ermitage;;;
pennañ;penn;d1;faire face;;;
pennadiñ;pennad;d1;avoir des caprices;;;
pennaouiñ;pennaou;d1;glaner;;;
pennaskañ;pennask;d1;entraver (par la tête);;;
pennboelliñ;pennboell;d1;culbuter;;;
pennboufiñ;pennbouf;d1;se renfrogner;;;
penndallañ;penndall;d1;aveugler;;;
penndaoulinañ;penndaoulin;d1;s’agenouiller;;;
penndareoriñ;penndareor;d1;jeter cul par dessus tête;;;
penndelochennat;penndelochenn;d1;culbuter;;;
penndogiñ;penndog;d1;étronçonner;;;
penndoliñ;penndol;d1;étêter;;;
penndologiñ;penndolog;d1;étêter;;;
penndrabiñ;penndrab;d1;culbuter;;;
penndraouigelliñ;penndraouigell;d1;culbuter;;;
penndraouilhat;penndraouilh;d1;culbuter;;;
pennegiñ;penneg;d1;rabouter;;;
pennfollañ;pennfoll;d1;s’affoler;;;
penngammiñ;penngamm;d1;pencher sur lecôté;;;
penngodañ;penngod;d1;mettre en paquets;;;
pennlinañ;pennlin;d1;mettre un genou à terre;;;
pennmoalañ;pennmoal;d1;devenir ou rendre chauve;;;
pennreizhañ;pennreizh;d1;exercer la magistrature suprême;;;
pennsodiñ;pennsod;d1;perdre la raison;;;
pennsoñjal;pennsoñj;d1;s’imaginer;;;
pennvadaouiñ;pennvadaou;d1;abasourdir;;;
pennveudiñ;pennveud;d1;abasourdir;;;
pennvezviñ;pennvezv;d1;s’énivrer;;;
peñseañ;peñse;d1;faire naufrage;;;
pentañ;pent;d1;peindre;;;
penverziñ;penverz;d1;s’obstiner;;;
penvestrañ;penvestr;d1;mettre un licol;;;
peragiñ;perag;d1;demander pourquoi;;;
perc'helliñ;perc’hell;d1;mettre bas (truie);;;
perc'hennañ;perc’henn;d1;posséder;;;
perchennañ;perchenn;d1;mettre de la paille en tas autour d'une perche;;;
perianiñ;perian;d1;dépérir;;;
perlezañ;perlez;d1;garnir de perles;;;
 perlezennañ;perlezenn;d1;garnir de perles;;;
perlezenniñ;perlezenn;d1;garnir de perles;;;
permetiñ;permet;d1;permettre;;;
peroksidañ;peroksid;d1;peroxyder;;;
persduañ;persdu;d1;violacer;;;
personelañ;personele;d1;personnifier;;;
pervezhañ;pervezh;d1;préciser;;;
perzhegañ;perzheg;d1;qualifier ;;;
petroliñ;petrol;d1;pétroler;;;
petvediñ;petved;d1;annoncer le quantième;;;
peudal;peud;d1;tousser;;;
peukañ;peuk;d1;donner une bourrade;;;
peukenniñ;peukenn;d1;tousser;;;
peuriñ;peur;d1;paître;;;
peuraozañ;peuraoz;d1;;;;
peurbadout;peurbad;d1;;;;
peurbaeañ;peurbae;d1;;;;
peurboazhañ;peurboazh;d1;;;;
peurbrezeg  ;peurbrezeg;d1;;;;
peurbrientiñ;peurbrient;d1;;;;
peurechuiñ;peurechu;d1;;;;
peurgas;peurgas;d1;;;;
peurglozañ;peurgloz;d1;conclure;;;
peurlavar;peurlavar;d1;;;;
peurlazhañ;peurlazh;d1;achever;;;
peurlipat;peurlip;d1;peaufiner;;;
peursevel;peursav;d1;;;;
peurseveniñ;peurseven;d1;accomplir réaliser polir;;;
peurunvanañ;peurunvan;d1;;;;
peurvoullañ;peurvoull;d1;;;;
peurzastum;peurzastum;d1;;;;
peurzeskiñ;peurzesk;d1;apprendre complètement;;;
peurzistrujañ;peurzistruj;d1;détruire complètement;;;
peurzornañ;peurzorn;d1;finir de battre;;;
peusat peusiñ;peus;d1;tousser;;;
peuzfolliñ;peuzfoll;d1;folâtrer;;;
peuznoziñ;peuznoz;d1;tomber (le soir);;;
pevarc'hementiñ;pevarc’hement;d1;quadrupler;;;
pevarenniñ;pevarenn;d1;diviser par quatre;;;
pevarhouarnañ;pevarhouarn;d1;ferrer aux quatre pieds;;;
pevarlammat;pevarlamm;d1;galoper;;;
pevarvedenniñ;pevarvedenn;d1;;;;
pezhiadañ;pezhiad;d1;mettre en pièces;;;
pibidañ;pibid;d1;avoir la pépie;;;
pifal;pif;d1;jouer du fifre;;;
pifigañ;pifig;d1;expirer bruyamment;;;
pifonat;pifon;d1;ringardiser;;;
pifoniñ;pifon;d1;ringardiser;;;
pifonañ ;pifon;d1;ringardiser;;;
pigellat;pigell;d1;piocher;;;
pignat;pign;d1;;;;
pigosat;pigos;d1;picorer;;;
pikat pikañ;pik;d1;piquer;;;
pikailhat;pikailh;d1;brocarder;;;
pikennaouiñ ;pikennaou;d1;;;;
piklammat;piklamm;d1;;;;
piknikañ;piknik;d1;;;;
pikouzañ;pikouz;d1;devenir chassieux;;;
pilat;pil;d1;abattre écraser;;;
pilevat;pilev;d1;pêcher à la fouine;;;
pilhotañ;pilhot;d1;découper;;;
pilhoustennañ;pilhoustenn;d1;effilocher;;;
pilligañ;pillg;d1;;;;
pilochañ;piloch;d1;faire un pilotis;;;
pilouerañ;pilouer;d1;pilonner;;;
pilpasañ;pilpas;d1;;;;
pilpazat;pilpaz;d1;;;;
pilpeukañ;pilpeuk;d1;toussoter;;;
pilpouzañ;pilpouz;d1;faire l’hypocrite;;;
pilprennat;pilprenn;d1;;;;
piltrotat;piltrot;d1;trottiner;;;
pimantañ;pimant;d1;pimenter;;;
pimpoellenniñ;pimpoellenn;d1;;;;
pinbreviñ;pinbrev;d1;broyer completement;;;
pinfañ;pinf;d1;parer attifer;;;
pinijañ;pinij;d1;expier;;;
pinsat;pins;d1;pincer;;;
pintañ;pint;d1;se jucher;;;
pipañ;pip;d1;manger par petites bouchées;;;
pirc'hirinañ;pirc’hirin;d1;aller en pélerinage;;;
pirilhañ;pirilh;d1;périr;;;
pismigañ;pismig;d1;pinailler;;;
pismigellat;pismigell;d1;faire son travail par à-coup;;;
pistigañ;pistig;d1;blesser;;;
pitouilhañ;pitouilh;d1;manger beaucoup de friandises;;;
pizennañ;pizenn;d1;perler;;;
pizhskejañ;pizhskej;d1;disséquer;;;
pizhskrivañ;pizhskriv;d1;;;;
pladañ;plad;d1;aplatir vaincre;;;
pladorenniñ;pladorenn;d1;fainéanter;;;
plaenañ;plaen;d1;aplanir unir;;;
plañcherisiñ;plañcheris;d1;planchéier;;;
plañchodiñ;plañchod;d1;planchéier;;;
plañsoniñ;plañson;d1;tresser natter;;;
plañsonennañ;plañsonenn;d1;tresser;;;
plantañ;plant;d1;planter;;;
plaoufañ;plaouf;d1;attraper; se jeter sur;;
plapousat;plapous;d1;plapousat e c’henou bavarder;;;
plapouziñ;plapouz;d1;;;;
plasañ;plas;d1;se fixer;;;
plastrañ;plastr;d1;plâtrer;;;
plavañ;plav;d1;s’abattre planer;;;
plediñ;pled;d1;s’occuper de qqn;;;
plegañ;pleg;d1;plier;;;
pleustriñ;pleustr;d1;s’exercer;;;
plezhañ;plezh;d1;tresser natter;;;
plezhenniñ;plezhenn;d1;tresser natter;;;
plijout;plij;d1;plaire;;;
plomañ;plom;d1;plonger;;;
plouzañ;plouz;d1;pailler;;;
pluañ;plu;d1;plonger;;;
plumachennañ;plumachenn;d1;empanacher;;;
pluskañ;plusk;d1;(se) garnir d'écorce;;;
poazhañ;poazh;d1;cuire digérer;;;
pobañ;pob;d1;cuire (le pain);;;
podskignañ;podskign;d1;podcaster;;;
poellañ;poell;d1;lier (avec une ficelle);;;
poelladiñ;poellad;d1;réfléchir; méditer s'exercer; s'efforcer;
poentañ;poent;d1;pointer;;;
poentaouiñ;poentaou;d1;ponctuer;;;
poentigaouañ;poentigaou;d1;pointiller;;;
poentlivañ;poentliv;d1;peindre par petites touches séparées;;;
poenttoullañ;poenttoull;d1;perforer;;;
pokañ;pok;d1;;;;
pokediñ ;poked;d1;embrasser;;;
pokedal;poked;d1;embrasser;;;
politikañ;politik;d1;faire de la politique;;;
pollenañ;pollen;d1;féconder par le pollen;;;
polodiñ;polod;d1;jouer à la pelote;;;
polotenniñ;polotenn;d1;peloter; mettre en pelote;;
poltrediñ;poltred;d1;portraiturer;;;
pomañ;pom;d1;pommer;;;
pompadiñ;pompad;d1;se vanter se pavaner;;;
pondalezañ;pondalez;d1;munir d'une galerie; d'un corridor; d'un palier;
pontañ;pont;d1;établir un pont (sur) ponter;;;
porbolenniñ;porbolenn;d1;(se) couvrir de pustules;;;
porc’hellañ;porc’hell;d1;mettre bas (en parlant d'une truie) salir; cochonner;;
porchediñ;porched;d1;munir d’un porche;;;
porfumiñ;porfum;d1;parfumer;;;
portezañ;portez;d1;"porter des fardeaux; porter du grain ou de la farine";;;
postañ;post;d1;garnir de poteaux poster; mettre à la poste placer (de l'argent);;
postal;post;d1;courir en toute hâte faire courir (un cheval); bouillir ;;
potailhañ;potailh;d1;mettre une serrure;;;
potennañ;potenn;d1;mettre une serrure;;;
poufal;pouf;d1;se vanter;;;
pouilhañ;pouilh;d1;injurier;;;
pouleñvat;pouleñv;d1;godiller;;;
poullañ;poull;d1;creuser un trou; une fosse;;
poulladañ;poullad;d1;se former en mare;;;
poulladenniñ;poulladenn;d1;se former en mare;;;
poullenniñ;poullenn;d1;se former en flaque;;;
bouloudañ;pouloud;d1;"se former en grumeaux, en caillots, en mottes; prendre l'aspect de la chair de poule (en parlant de la peau)";;;
pouloudenniñ;pouloudenn;d1;se former en grumeaux; en caillots; en mottes;
poulounezañ;poulounez;d1;munir (un vêtement) de plis; de volants; de fronces;
poultrañ;poultr;d1;poudrer;;;
poultrennañ;poultrenn;d1;poudrer couvrir de poussière;;;
poulzañ;poulz;d1;pousser; inciter; pulser (sang);
poupenniñ;poupenn;d1;se former en chrysalide;;;
pourc’hañ;pourc’h;d1;vêtir;;;
pourchas;pourchas;d1;fournir produire procurer;;;
pourmen;pourmen;d1;se promener;;;
poursal;pours;d1;tousser;;;
poursu;poursu;d1;poursuivre;;;
pourtreziñ;pourtrez;d1;faire le portrait de;;;
pourvezañ ;pourvez;d1;pourvoir subvenir;;;
pousiñ;pous;d1;tousser;;;
pousellat;pousell;d1;tousser;;;
pozañ;poz;d1;faire une pause; poser;;
pradañ;prad;d1;étendre (du linge) dans un pré;;;
predañ;pred;d1;prendre un repas;;;
prederenniñ;prederenn;d1;réfléchir;;;
preizhañ;preizh;d1;piller;;;
prenañ;pren;d1;acheter;;;
prenestrañ;prenestr;d1;fenêtrer;;;
prennañ;prenn;d1;verrouiller;;;
preñvediñ;preñved;d1;être mangé des vers;;;
prestañ;prest;d1;prêter;;;
prezeg;prezeg;d1;parler;discourir;;
prezegenniñ;prezegenn;d1;prononcer un discours; un sermon;;
priañ;pri;d1;enduire d’argile de boue;;;
priediñ;pried;d1;se marier;;;
priellañ;priell;d1;salir de boue;;;
priennañ;prienn;d1;bousiller façonner en argile;;;
prientiñ;prient;d1;préparer;;;
prigwerañ ;prigwer;d1;émailler;;;
primdresañ;primdres;d1;faire une pochade;;;
primveizañ;primveiz;d1;avoir l’intuition de ;;;
prizachañ;prizach;d1;estimer; expertiser;;
prizonañ;prizon;d1;emprisonner capturer;;;
produiñ;produ;d1;produire;;;
profañ;prof;d1;offrir;;;
profediñ;profed;d1;prophétiser;;;
pufal;puf;d1;siffler (comme un serpent);;;
puilhañ;puilh;d1;abonder;;;
pukañ;puk;d1;trébucher; broncher;;
pulluc’hañ;pulluc’h;d1;réduire en cendre;;;
punañ;pun;d1;(s’)enrouler;;;
punec’hiñ;punec’h;d1;vivoter;;;
punellat;punell;d1;tourbillonner;;;
punisañ;punis;d1;punir;;;
puñsañ;puñs;d1;puiser;;;
purañ purat;pur;d1;purifier;;;
puzuilhañ;puzuilh;d1;pulvériser;;;
ragellat;ragell;d1;bavarder caqueter;;;
rakpaeañ;rakpae;d1;;;;
rebuziñ;rebuz;d1;;;;
redek;red;d1;;;;
regiñ;rog;d1;;;;
sevel;sav;d1;;;;
savatiñ;savat;d1;saloper;;;
saveteiñ;savete;d1;sauver;;;
skoazellañ;skoazell;d1;;;;
skournijal;skournij;d1;;;;
skrammañ;skramm ;d1;;;;
soetañ;soet;d1;;;;
seniñ;son;d1;;;;
spisverkañ;spisverk;d1;;;;
stalonañ;stalon;d1;étalonner;;;
stiañ;sti;d1;concentrer (sur qch);;;
stlepel;stlap;d1;;;;
stekiñ;stok;d1;;;;
strujañ;struj;d1;pousser végéter;;;
talvoudañ ;talvoud;d1;valider;;;
tamall;tamall;d1;accuser;;;
teuler;taol;d1;jeter;;;
teurel;;;;;;
terriñ;torr;d1;;;;
traletodiñ;traletod;d1;extrapoler;;;
traolañ;traol;d1;amortir;;;
;treuzlizherenn;d1;;;;
tuginañ;tugin;d1;inverser; mettre sens dessus dessous;;
turlutañ;turlut;d1;s’agiter;;;
turmudañ;turmud;d1;être dans un état d’agitation morale;;;
tusañ;tus;d1;;;;
tuzumiñ;tuzum;d1;émousser;;;
uskizañ;uskiz;d1;surexposer;;;
usskediñ;ussked;d1;mettre en surbrillance ?;;;
usvoullañ;usvoull;d1;surimprimer;;;
vaganiñ;vagan;d1;tomber en faiblesse;;;
vaganellañ;vaganell;d1;avoir des syncopes;;;
vakiñ;vak;d1;être oisif; être vacant;;
vaksinañ;vaksin;d1;vacciner;;;
valsiñ;vals;d1;valser;;;
veñjiñ;veñj;d1;venger;;;
viañ;vi;d1;mettre des oeufs (dans);;;
vitrioliñ;vitriol;d1;vitrioler;;;
votiñ;vot;d1;voter;;;
voulouzañ;voulouz;d1;velouter;;;
yudaziñ;yudaz;d1;trahir;;;
yunañ;yun;d1;jeûner;;;
zinkañ;zink;d1;zinguer;;;
zoumañ;zoum;d1;zoomer;;;
zrodiñ;zrod ;d1;se répandre par dessus le bord d'un vase trop plein  ;;;
barzhoniañ;barzhoni;d1;faire de la poésie;;;
abafaat;abafa;d2;;;;
abretaat;abreta;d2;;;;
adderaouekaat;adderaoueka;d2;;;;
addont;addeu;d2;;;;
addizoleiñ;addizolo;d2;;;;
adlakaat;adlaka;d2;;;;
adresisaat;adresisa;d2;;;;
adreiñ;adro;d2;;;;
adskeiñ;adsko;d2;;;;
adsuraat;adsura;d2;;;;
adtalvoudekaat;adtalvoudeka;d2;;;;
advrezhonekaat;advrezhoneka;d2;;;;
advuhezekaat;advuhezeka;d2;;;;
aesaat;aesa;d2;;;;
akuitaat;akuita;d2;;;;
alamanekaat;alamaneka;d2;;;;
alfoiñ;alfo;d2;délirer;;;
alkoolekaat;alkooleka;d2;;;;
amdreiñ;amdro;d2;;;;
amiotaat;amiota;d2;s’amuser à des riens;;;
ampartaat;amparta;d2;;;;
ampletusaat;ampletusa;d2;;;;
anaout;ana;d2;;;;
anataat;anata;d2;;;;
anevalaat;anevala;d2;;;;
ankouaat;ankoua;d2;;;;
ankounac’haat;ankounac’ha;d2;;;;
anneuiñ;anneu;d2;tramer;;;
aotrouniekaat;aotrounieka;d2;;;;
arabekaat;arabeka;d2;;;;
arallekaat;aralleka;d2;;;;
araokaat;araoka;d2;;;;
arbennikaat;arbennika;d2;;;;
arc’hmeliataat;arc’hmeliata;d2;;;;
ardivinkaat;ardivinka;d2;;;;
ardeiñ;ardo;d2;gérer;;;
arfleuiñ ;arfleu;d2;exaspérer;;;
arloañ;arlo;d2;appliquer;;;
arnevesaat;arnevesa;d2;;;;
arouarekaat;arouareka;d2;ralentir;;;
arredeiñ;arredo;d2;itérer; itération;;
arwellaat;arwella;d2;améliorer;;;
askornekaat;askorneka;d2;;;;
askorusaat;askorusa;d2;rentabiliser;;;
astutaat;astuta;d2;;;;
astutaat;astuta;d2;;;;
atebekaat;atebeka;d2;;;;
azasaat;azasa;d2;;;;
azbevaat;azbeva;d2;;;;
azenaat;azena;d2;;;;
azgrenaat;azgrena;d2;;;;
azreiñ;azro;d2;;;;
barrekaat;barreka;d2;rendre capable; compléter;;
bastardaat;bastarda;d2;;;;
bedelaat;bedela;d2;;;;
berraat;berra;d2;;;;
besaat;besa;d2;;;;
beureaat;beurea;d2;;;;
peureekaat;peureeka;d2;;;;
bevaat;beva;d2;;;;
bihanikaat;bihanika;d2;minimiser;;;
birvidikaat;birvidika;d2;;;;
blankaat;blanka;d2;;;;
blasaat;blasa;d2;;;;
bleaat;blea;d2;;;;
bleinekaat ;bleineka;d2;;;;
bleuniusaat;bleuniusa;d2;;;;
bleuñvusaat;bleuñvusa;d2;;;;
blinaat;blina;d2;déprimer;;;
blivaat;bliva;d2;devenir plus vif;;;
bloc’helaat;bloc’hela;d2;globaliser;;;
bloñsaat;bloñsa;d2;;;;
blotaat;blota;d2;ramollir;;;
blouc'haat ;blouc’ha;d2;;;;
boasaat;boasa;d2;;;;
bolchevikaat;bolchevika;d2;bolcheviser;;;
boloiñ;bolo;d2;masturber;;;
bosaat;bosa;d2;;;;
bouc'haat;bouc’ha;d2;;;;
boujantaat;boujanta;d2;se porter mieux;;;
boujantaat;boujanta;d2;se porter mieux;;;
boukaat;bouka;d2;s’amollir;;;
boullaat;boulla;d2;s’éclaircir;;;
boutinaat;boutina;d2;;;;
boutinelaat;boutinela;d2;;;;
bouzaraat;bouzara;d2;;;;
brasaat;brasa;d2;grandir augmenter;;;
braslakaat;braslaka;d2;évaluer en gros;;;
bravaat;brava;d2;embellir;;;
bravikaat;bravika;d2;enjoliver;;;
bremanaat;bremana;d2;moderniser;;;
breskaat;breska;d2;fragiliser;;;
breutaat;breuta;d2;débattre;;;
brezelaat;brezela;d2;guerroyer;;;
brezelekaat;brezeleka;d2;guerroyer;;;
brezhonekaat;brezhoneka;d2;bretonniser;;;
briaat;bria;d2;respecter;;;
brientekaat;brienteka;d2;privilégier;;;
brinnoal;brinno;d2;braire;;;
buanaat;buana;d2;(s’)accélerer;;;
buhezekaat;buhezeka;d2;vivifier;;;
c’hoantaat;c’hoanta;d2;convoiter;;;
c’hwekaat;c’hweka;d2;s’adoucir;;;
c’hwervaat;c’hwervaat;d2;devenir plus amer;;;
c’hwibua;c’hwibua;d2;chasser les moucherons;;;
c’hweshaat;c’hwesha;d2;sentir flairer;;;
damc’holeiñ;damc’holo;d2;;;;
damgounaat;damgouna;d2;se rappeler vaguement;;;
damziorren;damziorro;d2;;;;
damzizoleiñ;damzizolo;d2;;;;
tanavaat;danava;d2;s’affiner liquéfier;;;
davedekaat;davedeka;d2;;;;
dazlakaat;dazlaka;d2;ventiler interpoler;;;
dedostaat;dedosta;d2;approcher;;;
dedreiñ;dedro;d2;évoluer;;;
deliaoua;deliaoua;d2;chercher des feuilles;;;
demokratekaat;demokrateka;d2;;;;
denesaat;denesa;d2;approcher;;;
denevesaat;denevesa;d2;rénover;;;
deraouekaat ;deraoueka;d2;?;;;
dereadekaat;dereadeka;d2;adapter;;;
dereiñ;dero;d2;;;;
dont;deu;d2;;;;
diaesaat;diaesa;d2;compliquer;;;
diarbennekaat;diarbenneka;d2;emêcher;;;
dibaotaat;dibaota;d2;raréfier;;;
dibellvroañ;dibellvro;d2;extrader;;;
dibersonelaat;dibersonela;d2;;;;
dibolitikaat;dibolitika;d2;dépolitiser;;;
dibounneraat;dibounnera;d2;allèger;;;
dic'hoantaat;dic’hoanta;d2;dégoûter;;;
dic'hrataat;dic’hrata;d2;repousser;;;
didalvoudekaat;didalvoudeka;d2;;;;
didanavaat;didanava;d2;;;;
diegusaat;diegusa;d2;rendre paresseux;;;
diekaat;dieka;d2;rendre paresseux;;;
difonnaat;difonna;d2;réduire;;;
digalonekaat;digaloneka;d2;décourager;;;
digeltiekaat;digeltieka;d2;déceltiser;;;
digizidikaat;digizidika;d2;désensibiliser;;;
digoloañ;digolo;d2;ôter la paille de;;;
dinoiñ;dino;d2;;;;
diogelaat;diogela;d2;assurer;;;
diorren;diorro;d2;;;;
diotaat;diota;d2;idiotifier;;;
disec'haat;disec’ha;d2;déssécher;;;
disheñvelaat;disheñvela;d2;différencier;;;
diskiantaat;diskianta;d2;abrutir;;;
displannaat;displanna;d2;s'obsurcir;;;
displetaat;displeta;d2;devenir abject;;;
distabilaat;distabila;d2;déstabiliser;;;
distankaat;distanka;d2;se raréfier;;;
distartaat;starta;d2;consolider;;;
disteraat;distera;d2;dépérir;;;
disteiñ;disto;d2;;;;
distreiñ;distro;d2;;;;
distroñsaat;distroñsa;d2;;;;
disuraat;disura;d2;rendre incertain;;;
disvroañ;disvro;d2;émigrer;;;
divarbeaat;divarbea;d2;ébarber;;;
divarrekaat;divarreka;d2;;;;
divarvelaat;divarvela;d2;immortaliser;;;
diverraat;diverra;d2;abréger;;;
divevekaat;diveveka;d2;inactiver;;;
divilaat;divil;d2;;;;
divordoiñ;divordo;d2;sortir de son sommeil;;;
divreinusaat ;divreinusa;d2;;;;
divreizhekaat;divreizheka;d2;;;;
divrezhonekaat;divrezhoneka;d2;;;;
divroañ;divro;d2;émigrer;;;
diweredekaat ;diweredeka;d2;;;;
dizivroañ;dizivro;d2;extrader;;;
dizoleiñ;dizolo;d2;;;;
dizonaat;dizona;d2;;;;
doaretaat;doareta;d2;divulguer;;;
donaat;dona;d2;approfondir;;;
doñvaat;doñva;d2;;;;
doñvikaat;doñvika;d2;;;;
dorloiñ;dorlo;d2;;;;
doueaat;douea;d2;;;;
doueelaat;doueela;d2;;;;
douraat;doura;d2;arroser;;;
dourennekaat;dourenneka;d2;;;;
dousaat;dousa;d2;;;;
dreistizelaat;dreistizela;d2;;;;
dreistuhelaat;dreistuhela;d2;surélever;;;
drevaat;dreva;d2;;;;
droukaat;drouka;d2;rendre méchant;;;
droukc'hoantaat;droukc’hoanta;d2;convoiter;;;
droukreiñ;droukro;d2;;;;
drusaat;drusa;d2;;;;
duaat;dua;d2;;;;
durc'haat;durc’ha;d2;;;;
ec’honaat;ec’hona;d2;;;;
eeunaat;eeuna;d2;;;;
efedusaat;efedusa;d2;;;;
eiltreiñ;eiltro;d2;se renverser; se produire à l’envers;;
emdreiñ;emdro;d2;;;;
emreiñ;emro;d2;;;;
emzereadekaat;emzereadeka;d2;;;;
enboullaat;enboulla;d2;;;;
enbroañ;enbro;d2;immigrer;;;
eneptreiñ;eneptro;d2;;;;
enkaat;enka;d2;rétrécir;;;
enlakaat;enlaka;d2;;;;
enraokaat;enraoka;d2;;;;
estrenaat;estrena;d2;;;;
etrelakaat;etrelaka;d2;;;;
etrevroadelaat;etrevroadela;d2;;;;
eürusaat;eürusa;d2;;;;
eveshaat;evesha;d2;;;;
ezhommekaat;ezhommeka;d2;;;;
ezlakaat;ezlaka;d2;;;;
ezvevaat;ezveva;d2;;;;
fallaat;falla;d2;défaillir;;;
fetisaat;fetisa;d2;;;;
flakaat;flaka;d2;;;;
flouraat;floura;d2;;;;
foaraat;foara;d2;;;;
fonnaat;fonna;d2;;;;
fonnusaat;fonnusa;d2;;;;
frankaat;franka;d2;;;;
fraostaat;fraosta;d2;;;;
freskaat;freska;d2;rafraîchir;;;
frevaat;freva;d2;;;;
friantaat;frianta;d2;;;;
frondusaat;frondusa;d2;;;;
frouezhusaat;frouezhusa;d2;;;;
furaat;fura;d2;;;;
gallekaat;galleka;d2;;;;
garvaat;garva;d2;;;;
gellaat;gella;d2;;;;
germanaat;germana;d2;;;;
glanaat;glana;d2;;;;
glasaat;glasa;d2;;;;
gleborekaat;gleboreka;d2;;;;
gloevaat;gloeva;d2;;;;
geiñ goiñ;go;d2;fermenter lever;;;
goañvaat;goañva;d2;;;;
goapaat;goapa;d2;;;;
goarekaat;goareka;d2;donner des loisirs;;;
goleiñ;golo;d2;;;;
gopraat;gopra;d2;;;;
goro;goro;d2;traire;;;
gorrekaat;gorreka;d2;;;;
gorren;gorro;d2;lever;;;
goudrenkaat;goudrenka;d2;;;;
gouestaat;gouesta;d2;;;;
goulakaat;goulaka;d2;;;;
goularsa;goularsa;d2;;;;
goulenneta;goulenneta;d2;;;;
goulloiñ;goullo;d2;;;;
gourfaoterekaat;gourfaotereka;d2;;;;
gourloañ;gourlo;d2;superposer; overlay;;
gouvrezelekaat;gouvrezeleka;d2;;;;
gouyenaat;gouyena;d2;;;;
grataat;grata;d2;;;;
greantelaat;greantela;d2;;;;
grevusaat;grevusa;d2;;;;
gwakaat;gwaka;d2;s’amollir;;;
gwallc'hoantaat;gwallc’hoanta;d2;convoiter;;;
gwallekaat;gwalleka;d2;négliger;;;
gwallskeiñ;gwallsko;d2;frapper violemment ;;;
gwanaat;gwana;d2;s’affaiblir;;;
gwasaat;gwasa;d2;rendre hommage;;;
gwashaat;gwasha;d2;rendre pire;;;
gwellaat;gwella;d2;s’améliorer;;;
gwellekaat;gwelleka;d2;;;;
gwennaat;gwenna;d2;blanchir;;;
gwenvidikaat;gwenvidika;d2;béatifier;;;
gweredekaat;gweredeka;d2;;;;
gwerelaat;gwerela;d2;rendre vitreux;;;
gwersaat;gwersa;d2;mettre en vers;;;
gwevnaat;gwevna;d2;s’assouplir;;;
gwinaat;gwina;d2;s’aviner;;;
gwiriekaat;gwirieka;d2;;;;
gwivaat;gwiva;d2;devenir gai;;;
habaskaat;habaska;d2;;;;
haboat;habo;d2;huer;;;
hakraat;hakra;d2;;;;
hardishaat;hardisha;d2;;;;
hegaraat;hegara;d2;;;;
hellenaat;hellena;d2;;;;
helmoiñ;helmo;d2;s’accouder;;;
heñvelaat;heñvela;d2;;;;
heñvelekaat;heñveleka;d2;;;;
herrekaat;herreka;d2;;;;
heskaat;heska;d2;;;;
hetaat;heta;d2;;;;
hevelebekaat;hevelebeka;d2;;;;
hewelaat;hewela;d2;;;;
hinielaat;hiniela;d2;;;;
hinnoal;hinno;d2;braire;;;
hiraat;hira;d2;;;;
hironaat;hirona;d2;;;;
hizivaat;hiziva;d2;;;;
hollekaat;holleka;d2;;;;
huataat;huata;d2;;;;
huduraat;hudura;d2;;;;
ionekaat;ioneka;d2;;;;
istorekaat;istoreka;d2;;;;
izelaat;izela;d2;;;;
javelekaat ;javeleka;d2;;;;
jiboesaat;jiboesa;d2;chasser le gibier;;;
joausaat;joausa;d2;se réjouir;;;
kadarnaat;kadarna;d2;;;;
kaeraat;kaeraat;d2;;;;
kaletaat;kaleta;d2;;;;
kaletaat;kaleta;d2;durcir;;;
kalonekaat;kaloneka;d2;;;;
kantoat;kanto;d2;enfaîter une chaumière;;;
karbonekaat;karboneka;d2;;;;
karrekaat;karreka;d2;;;;
kasaat;kasa;d2;;;;
kelc’hdreiñ;kelc'hdro;d2;tourner; faire une révolution;;
keltaat;kelta;d2;;;;
keltiekaat;keltieka;d2;;;;
kembraekaat;kembraeka;d2;;;;
kendreiñ;kendro;d2;;;;
kenedekaat;kenedeka;d2;;;;
kenfetisaat;kenfetisa;d2;;;;
kenlakaat;kenlaka;d2;;;;
kenstankaat;kenstanka;d2;condenser;;;
kentlakaat;kentlaka;d2;préétablir;;;
kenvreutaat;kenvreuta;d2;;;;
keraat;kera;d2;;;;
kêriekaat;kêkêrieka;d2;urbaniser;;;
keuzidikaat;keuzidika;d2;;;;
kevatalaat;kevatala;d2;;;;
kevrikaat;kevrika;d2;mettre au point (appareil);;;
kildreiñ;kildro;d2;;;;
kizidikaat;kizidika;d2;sensibiliser;;;
klañvaat;klañva;d2;;;;
klaoustreañ;klaoustre;d2;gager miser;;;
kleuiñ;kleu;d2;;;;
klokaat;kloka;d2;;;;
klouaraat;klouara;d2;;;;
koataat;koata;d2;;;;
kofesaat;kofesa;d2;;;;
kompagnunekaat;kompagnuneka;d2;;;;
korntreiñ;korntro;d2;;;;
korvoiñ;korvo;d2;profiter;;;
koshaat;kosha;d2;;;;
kounaat;kouna;d2;;;;
krennaat;krenna;d2;;;;
kreñvaat;kreñva;d2;;;;
kreskaat;kreska;d2;;;;
kretaat;kreta;d2;créditer cautionner;;;
kreuiñ ;kreu;d2;;;;
krisaat;krisa;d2;;;;
kristenaat;kristena;d2;;;;
krommaat;kromma;d2;;;;
kuilhaat;kuilha;d2;;;;
kuitaat;kuita;d2;;;;
kuñvaat;kuñva;d2;;;;
labelaat;labela;d2;labelliser;;;
laeshaat;laesha;d2;;;;
lakaat;laka;d2;;;;
lampraat;lampra;d2;;;;
laoskaat;laoska;d2;;;;
laouenaat;laouena;d2;;;;
larkaat;larka;d2;;;;
lartaat;larta;d2;;;;
latinaat;latina;d2;;;;
ledanaat;ledana;d2;;;;
lemlakaat;lemlaka;d2;;;;
lemmaat;lemma;d2;;;;
lenkraat;lenkra;d2;;;;
lentaat;lenta;d2;;;;
letaat;leta;d2;injurier;;;
leunaat;leuna;d2;;;;
levnaat;levna;d2;;;;
lezennelaat;lezennela;d2;légaliser;;;
liesaat;liesa;d2;;;;
likaat;lika;d2;;;;
linennekaat;linenneka;d2;;;;
liveaat;livea;d2;;;;
loañ;lo;d2;situer (dans l’espace);;;
lousaat;lousa;d2;;;;
luc’hwiridikaat;luc’hwiridika;d2;;;;
maenaat;maena;d2;;;;
maenekaat;maeneka;d2;;;;
magnetekaat;magneteka;d2;;;;
maoutaat;maouta;d2;;;;
marc’hadmata;marc’hadmata;d2;;;;
marc’hekaat;marc’heka;d2;;;;
mataat;mata;d2;;;;
mekaat;meka;d2;;;;
melaat;mela;d2;emmiéler;;;
melenaat;melena;d2;;;;
meuraat;meura;d2;;;;
meurekaat;meureka;d2;;;;
mezhekaat;mezheka;d2;;;;
micherelaat;micherela;d2;;;;
mintinaat;mintina;d2;;;;
moalaat;moala;d2;;;;
moanaat;moana;d2;;;;
modernaat;moderna;d2;;;;
merdeiñ;mordo;d2;naviguer;;;
motantaat;motanta;d2;;;;
mouestaat;mouesta;d2;;;;
naetaat;naeta;d2;;;;
naouaat;naoua;d2;identifier;;;
neptuekaat;neptueka;d2;;;;
nerzhekaat;nerzheka;d2;;;;
nerzhusaat;nerzhusa;d2;;;;
nesaat;nesa;d2;;;;
nevesaat;nevesa;d2;;;;
niverusaat;niverusa;d2;;;;
noashaat;noasha;d2;;;;
noplaat;nopla;d2;;;;
nosaat;nosa;d2;;;;
ofisielaat;ofisiela;d2;;;;
ospitalaat;ospitala;d2;?;;;
oueskaat;oueska;d2;;;;
ozonekaat;ozoneka;d2;;;;
paganaat;pagana;d2;paganiser;;;
paotaat;paota;d2;;;;
paouraat;paoura;d2;;;;
paraat;para;d2;;;;
parichaoua;parichaoua;d2;;;;
parraat;parra;d2;;;;
pasaat;pasa;d2;;;;
pasetaat;paseta;d2;;;;
pasteurekaat;pasteureka;d2;;;;
pellaat;pella;d2;éloigner écarter;;;
pempaat;pempa;d2;;;;
pennekaat;penneka;d2;;;;
peoc’haat;peoc’ha;d2;;;;
perzhekaat;perzheka;d2;;;;
peurc’hlanaat;peurc’hlana;d2;;;;
peurglokaat;peurgloka;d2;;;;
peurwiriekaat;peurwirieka;d2;;;;
pezhellaat;pezhella;d2;;;;
pianoañ;piano;d2;;;;
pinvidikaat;pinvidika;d2;;;;
pishaat;pisha;d2;;;;
plaenaat;plaena;d2;;;;
polimerekaat;polimereka;d2;polymériser;;;
politikaat;politika;d2;;;;
ponneraat;ponnera;d2;prendre du poids;;;
pounneraat;pounnera;d2;;;;
poutaat;pouta;d2;s’alourdir;;;
pozetaat;pozeta;d2;rendre sérieux;;;
prietaat;prieta;d2;se marier;;;
puraat;pura;d2;;;;
radena;radena;d2;;;;
raganaout;ragana;d2;;;;
rageveshaat;ragevesha;d2;;;;
raspaat;raspa;d2;;;;
reishaat;reisha;d2;;;;
reizhekaat;reizheka;d2;;;;
resaat;resa;d2;;;;
resisaat;resisa;d2;;;;
reutaat;reuta;d2;;;;
rinekaat;rineka;d2;;;;
reiñ;ro;d2;;;;
rodheoliañ;rodheol;d2;auréoler;;;
romanaat;romana;d2;;;;
rontaat;ronta;d2;;;;
rouesaat;rouesa;d2;;;;
rousaat;;d2;;;;
rusaat;rusa;d2;;;;
rustaat;rusta;d2;;;;
santelaat;santela;d2;;;;
saozneka;saozneka;d2;;;;
sartaat;sarta;d2;;;;
sec’hedikaat;sec’hedika;d2;altérer;;;
sederaat;sedera;d2;;;;
semplaat;sempla;d2;;;;
sevenaat;sevena;d2;;;;
siloañ;silo;d2;siloter;;;
sintezekaat;sintezeka;d2;;;;
sioulaat;sioula;d2;;;;
siriusaat;siriusa;d2;;;;
skañvaat;skañva;d2;;;;
skarsaat;skarsa;d2;;;;
skedusaat;skedusa;d2;;;;
sklaeraat;sklaera;d2;;;;
sklavaat;sklava;d2;;;;
skeiñ;sko;d2;;;;
skolveuriekaat;skolveurieka;d2;;;;
skortaat;skorta;d2;;;;
skoueriekaat;skouerieka;d2;;;;
skritellaat ;skritella;d2;;;;
slavaat;slava;d2;;;;
sokialekaat;sokialeka;d2;;;;
sonnaat;sonna;d2;;;;
sotaat;sota;d2;;;;
souplaat;soupla;d2;;;;
soviedekaat;soviedeka;d2;;;;
spagnekaat;spagneka;d2;;;;
spanaat;spana;d2;;;;
spisaat;spisa;d2;;;;
splannaat;splanna;d2;;;;
spletusaat;spletusa;d2;;;;
stabilaat;stabila;d2;stabiliser;;;
standardekaat;standardeka;d2;;;;
stankaat;stanka;d2;;;;
startaat;starta;d2;affermir;;;
strishaat;strisha;d2;;;;
strujusaat;strujusa;d2;fertiliser;;;
sturiadelaat;sturiadela;d2;;;;
suraat;sura;d2;;;;
taeraat;taera;d2;s’exaspérer;;;
tagnousaat;tagnousa;d2;devenir teigneux;;;
talvoudekaat;talvoudeka;d2;;;;
tarva;tarva;d2;demander le taureau (en parlant d’une vache);;;
teneraat;tenera;d2;s’attendrir;;;
teñvalaat;teñvala;d2;s’assombrir;;;
testeniekaat;testenieka;d2;attester;;;
tetanekaat;tetaneka;d2;tétaniser;;;
teuc’haat;teuc’ha;d2;rendre consistant;;;
teuskaat;teuska;d2;rendre chétif;;;
tevaat;teva;d2;épaissir;;;
teiñ;to;d2;;;;
tommaat;tomma;d2;échauffer;;;
tostaat;tosta;d2;approcher;;;
trenkaat;trenka;d2;rendre acide;;;
treutaat;treuta;d2;maigrir;;;
treuzlakaat;treuzlaka;d2;;;;
trevekaat;treveka;d2;exploiter;;;
treziataat;treziata;d2;gager un serviteur ;;;
tristaat;trista;d2;;;;
treiñ;tro;d2;;;;
trugarekaat;trugareka;d2;;;;
tudekaat;tudeka;d2;?;;;
uhelaat;uhela;d2;;;;
unanaat;unana;d2;;;;
venaat;vena;d2;s’affaiblir;;;
vetoiñ;veto;d2;mettre son veto;;;
vilaat;vila;d2;enlaidir;;;
yac’haat;yac’ha;d2;guérir;;;
yac’husaat;yac’husa;d2;assainir;;;
yaouankaat;yaouanka;d2;rajeunir;;;
yenaat;yena;d2;se refroidir;;;
yuzevekaat;yuzeveka;d2;judaïser;;;
abona;abona;d3;;;;
aota;aota;d3;;;;
aoura;aoura;d3;chercher de l’or;;;
avalaoua;avalaoua;d3;;;;
baleata;baleata;d3;déambuler;;;
balumeta;balumeta;d3;;;;
baraa;baraa;d3;;;;
barlennata;barlennata;d3;;;;
bazhata;bazhata;d3;bastonner;;;
bazhoula;bazhoula;d3;;;;
begata;begata;d3;médire;;;
begonata;begonata;d3;trouver à redire;;;
beusa;beusa;d3;;;;
bezhina;bezhina;d3;recolter du goemon;;;
bigorneta;bigorneta;d3;;;;
binviaoua;binviaoua;d3;;;;
biziata;biziata;d3;;;;
blaseta;blaseta;d3;;;;
bleñchaoua;bleñchaoua;d3;;;;
bleuniaoua;bleuniaoua;d3;butiner;;;
bleuñvata;bleuñvata;d3;butiner;;;
bleuta;bleuta;d3;;;;
bleva;bleva;d3;;;;
blevata;blevata;d3;;;;
boc'hata;boc’hata;d3;;;;
boueta;boueta;d3;;;;
bouzoula;bouzoula;d3;ramasser du crottin;;;
braosa;braosa;d3;recueillir du jonc marin;;;
braoueta;braoueta;d3;donner à boire;;;
brennika;brennika;d3;ramasser des patelles;;;
breujata;breujata;d3;discuter;;;
breutaat;breuta;d3;plaider;;;
briata;briata;d3;embrasser;;;
brizhillia;brizhillia;d3;pêcher des maquereaux;;;
broa;broa;d3;retourner au pays;;;
broc’heta;broc’heta;d3;chasser le blaireau;;;
broenna;broenna;d3;chercher du jonc;;;
broudata;broudata;d3;picoter;;;
brousta;brousta;d3;chercher du lierre;;;
brucheta;brucheta;d3;;;;
buaneka;buaneka;d3;s’irriter;;;
c’hwesha;c’hwesha;d3;sentir flairer;;;
c'hwesheta;c’hwesheta;d3;;;;
c’hwileta;c’hwileta;d3;;;;
c’hwilosteta;c’hwilosteta;d3;;;;
c’hwistata;c’hwistata;d3;donner des coups;;;
c'hwesha;c’hwesha;d3;flairer;;;
c’hwibanata;c’hwibanata;d3;siffloter;;;
chevreta;chevreta;d3;pêcher des crevettes;;;
chilpeta;chilpeta;d3;japper;;;
chougata;chougata ;d3;porter sur la nuque;;;
damesa;damesa;d3;dompter;;;
demata;demata;d3;dire bonjour à ;;;
devezhiata;devezhiata;d3;travailler toute la journée;;;
dibunata;dibunata;d3;réciter comme une litanie;;;
dieta;dieta;d3;chercher à boire;;;
dilesa;dilesa;d3;authentifier;;;
diskouezata;diskouezata;d3;rendre manifeste;;;
distaliata;distaliata;d3;desservir (la table);;;
divalava;divalava;d3;s'enlaidir;;;
divoueta;divoueta;d3;;;;
dluzheta;dluzheta;d3;pêcher des truites;;;
dornata;dornata;d3;;;;
douaraoua;douaraoua;d3;chercher des terres;;;
dougata;dougata;d3;;;;
dreistboueta;;d3;;;;
embregata;embregata;d3;;;;
emdarzhata;emdarzhata;d3;;;;
emgannata;emgannata;d3;;;;
emguzuliata;emguzuliata;d3;;;;
emvazhata;emvazhata;d3;;;;
emzornata;emzornata;d3;;;;
estlammata;estlammata;d3;;;;
evneta;evneta;d3;;;;
falaoueta;falaoueta;d3;chasser les petits oiseaux;;;
fankata;fankata;d3;crotter complètement;;;
fasata;fasata;d3;;;;
fasata fasatat;fasata;d3;;;;
feskennata;feskennata;d3;;;;
filipeta;filipeta;d3;;;;
fiona;fiona;d3;chercher une herbe des marais;;;
flac’hata;flac’hata;d3;;;;
flamboesa;flamboesa;d3;ramasser des framboises;;;
flikata;flikata;d3;clapoter;;;
flipata;flipata;d3;cingler;;;
follennata;follennata;d3;;;;
forc’hata;forc’hata;d3;;;;
fouliara;fouliara;d3;chercher du lierre;;;
frammata;frammata;d3;;;;
frellea;frellea;d3;;;;
friata;friata;d3;;;;
frouesha;frouesha;d3;chercher des fruits;;;
furchata;furchata;d3;;;;
gaoliata;gaoliata;d3;;;;
garjata;garjata;d3;;;;
garzhata;garzhata;d3;;;;
gedona;gedona;d3;;;;
genaouata;genaouata;d3;faire le badaud;;;
geota;geota;d3;;;;
glaoua;glaoua;d3;chercher du charbon;;;
glaoueta;glaoueta;d3;ramasser de la bouse;;;
goafata;goafata;d3;manier la lance;;;
gouglezeiata;gouglezeiata;d3;;;;
goulaoueta;goulaoueta;d3;;;;
goularsa;goularsa;d3;chercher de l’ambre;;;
goulennata;goulennata;d3;interroger;;;
goumona;goumona;d3;;;;
gourenata;gourenata;d3;;;;
gozeta;gozeta;d3;chasser les taupes;;;
grilheta;grilheta;d3;;;;
gwalennata;gwalennata;d3;;;;
gwaregata;gwaregata;d3;tirer à l’arc;;;
gweata;gweata;d3;vriller tortiller;;;
gweleata;gweleata;d3;mettre au lit;;;
gwinardanta;gwinardanta;d3;;;;
gwreskaoua;gwreskaoua;d3;ramasser des souches;;;
harinketa;harinketa;d3;;;;
holena;holena;d3;récolter le sel;;;
horbalana;horbalana;d3;pêcher des pétoncles;;;
huata;huata;d3;huer conspuer;;;
ilinata;ilinata;d3;;;;
istra;istra;d3;pêcher des huitres;;;
javedata;javedata;d3;gifler;;;
jiboesa;jiboesa;d3;chasser le gibier;;;
jodata;jodata;d3;gifler;;;
kaelata;kaelata;d3;mettre le blocus;;;
kafeta;kafeta;d3;boire du café;;;
kaleta;kaleta;d3;pêcher à la traîne;;;
kalkennata;kalkennata;d3;;;;
kamalata;kamalata;d3;;;;
kanoliata;kanoliata;d3;;;;
kaoc'hkezeka;kaoc’hkezeka;d3;;;;
karnata;karnata;d3;;;;
karrata;karrata;d3;;;;
karvanata;karvanata;d3;;;;
kefelinata;kefelinata;d3;;;;
keinata;keinata;d3;;;;
keita;keita;d3;égaliser (son);;;
kelaoua;kelaoua;d3;;;;
kelc’hiata;kelc’hiata;d3;;;;
kelennata;kelennata;d3;documenter;;;
kenvriata;kenvriata;d3;s’embrasser;;;
kerc’ha;kerc’ha;d3;donner de l’avoine;;;
keresa;keresa;d3;cueillir des cerises;;;
keuneuta;keuneuta;d3;;;;
keurusa;keurusa;d3;pêcher les petites anguilles;;;
keverata;keverata;d3;comparer;;;
kevezata;kevezata;d3;concourir;;;
kevrennata;kevrennata;d3;classifier;;;
kika;kika;d3;chercher de la viande;;;
kistina;kistina;d3;ramasser des chataignes;;;
klezeiata;klezeiata;d3;manier l'épée;;;
koailhata;koailhata;d3;chasser la caille;;;
koata;koata;d3;ramasser du bois;;;
koloa;koloa;d3;chercher de la paille;;;
komerezata;komerezata;d3;;;;
konikleta;konikleta;d3;;;;
kontellata;kontellata;d3;;;;
korfata;korfata;d3;;;;
kouignaoua;kouignaoua;d3;;;;
koulineta;koulineta;d3;chasser le lapin;;;
krabanata;krabanata;d3;;;;
kranketa;kranketa;d3;;;;
kraoña;kraoña;d3;;;;
kraoñata;kraoñata;d3;;;;
kraoñkelvesa;kraoñkelveza;d3;;;;
kravazhata;kravazhata;d3;;;;
kregina;kregina;d3;;;;
krogata;krogata;d3;;;;
krotousa;krotousa;d3;;;;
labouseta;labouseta;d3;;;;
lammeta;lammeta;d3;;;;
lapineta;lapineta;d3;chasser le lapin;;;
lazheta;lazheta;d3;;;;
legestreta;legestreta;d3;;;;
leogeta;leogeta;d3;chasser les arénicoles;;;
leviata;leviata;d3;;;;
levraoua;levraoua;d3;;;;
lezennata;lezennata;d3;;;;
lina;lina;d3;;;;
loaiata;loaiata;d3;;;;
loc’hata;loc’hata;d3;;;;
loc’heta;loc’heta;d3;;;;
locheta;locheta;d3;pêcher des vairons;;;
locheta;locheta;d3;;;;
logota;logota;d3;;;;
lopata;lopata;d3;;;;
louzaoua;louzaoua;d3;;;;
ludua;ludua;d3;;;;
lusa;lusa;d3;;;;
marc'ha;marc’ha;d3;être en chaleur en parlant des juments;;;
marc'hata;marc’hata;d3;;;;
meilheta;meilheta;d3;;;;
meinata;meinata;d3;;;;
meizata;meizata;d3;conceptualiser;;;
melc'hweta;melc’hweta;d3;;;;
mellata;mellata;d3;;;;
merata;merata;d3;;;;
merc'heta;merc’heta;d3;;;;
mesa;mesa;d3;chercher des glands;;;
mêsa;mêsa;d3;;;;
meskla;meskla;d3;;;;
meudata;meudata;d3;prendre par pincée;;;
meuta;meuta;d3;mesurer au pouce;;;
moc’hata;moc’hata;d3;bâcler;;;
morianeta;morianeta;d3;faire la traite négrière;;;
morlaerata;morlaerata;d3;exercer la piraterie;;;
morueta;morueta;d3;;;;
mouara;mouara;d3;;;;
moustañva;moustañva;d3;;;;
musa;musa;d3;flairer;;;
museta;museta ;d3;;;;
naereta;naereta;d3;;;;
neizheta;neizheta;d3;;;;
neizhiaoua;neizhiaoua;d3;;;;
oberata;oberata;d3;;;;
oberiata;oberiata;d3;;;;
orgedata;orgedata;d3;;;;
pakata;pakata;d3;;;;
palvata;palvata;d3;paumer;;;
panesa;panesa;d3;chercher des panais;;;
paotreta;paotreta;d3;;;;
pavata;pavata;d3;tâtonner;;;
peñsata;peñsata;d3;;;;
pesketa;pesketa;d3;;;;
peuketa;peuketa;d3;;;;
pichelota;pichelota;d3;ramasser des brindilles;;;
pilhaoua;pilhaoua;d3;;;;
pilligata;pilligata;d3;;;;
plac’heta;plac’heta;d3;;;;
plousa;plousa;d3;;;;
poellata;poellata;d3;réfléchir;;;
pokata;pokata;d3;baisoter;;;
polosa;polosa;d3;cueillir des prunes sauvages;;;
pouezata;pouezata;d3;;;;
poura;poura;d3;ramasser des poireaux;;;
prederiata;prederiata;d3;méditer;;;
preizhata;preizhata;d3;;;;
pria;pria;d3;chercher de l’argile;;;
ranniata;ranniata;d3;distribuer;;;
razheta;razheta;d3;;;;
reizhata;reizhata;d3;;;;
rendaelata;rendaelata;d3;;;;
rousina;rousina;d3;;;;
ruzata;ruzata;d3;;;;
sardineta;sardineta;d3;;;;
selleta;selleta;d3;;;;
siliaoua;siliaoua;d3;;;;
sistra;sistra;d3;;;;
sivia;sivia;d3;;;;
skeuliata;skeuliata;d3;;;;
sklaveta;sklaveta;d3;;;;
skoliata;skoliata;d3;;;;
skouarnata;skouarnata;d3;;;;
skourjezata;skourjezata;d3;;;;
soniaoua;soniaoua;d3;;;;
soubenna;soubenna;d3;;;;
spezata;spezata;d3;;;;
spilhaoua;spilhaoua;d3;;;;
steredennata;steredennata;d3;;;;
sternata;sternata;d3;;;;
stokata;stokata;d3;;;;
stoupa;stoupa;d3;;;;
strivata;strivata;d3;;;;
stropata;stropata;d3;;;;
sunata;sunata;d3;;;;
talaregeta;talaregeta;d3;;;;
talmeta;talmeta;d3;tâter;;;
tammata;tammata;d3;;;;
tañva;tañva;d3;goûter;;;
tañvouesa;tañvouesa;d3;glaner;;;
taouarc'ha;taouarc’ha;d3;couper des mottes de tourbe;;;
tennata;tennata;d3;tirailler;;;
teodata;teodata;d3;médire;;;
tersata;tersata;d3;fesser;;;
teskata;teskata;d3;glaner;;;
timbraoua;timbraoua;d3;collectionner les timbres;;;
toc'hata;toc’hata;d3;glaner;;;
touneta;touneta;d3;;;;
tourc'ha;tourc’ha;d3;demander le verrat;;;
tourc’heta;tourc’heta;d3;faire le débauché;;;
traoua;traoua;d3;chiner;;;
treuziata;treuziata;d3;;;;
treuzvarc’hata;treuzvarc’hata;d3;;;;
triñchina;triñchina;d3;cueillir de l’oseille;;;
troiata;troiata;d3;;;;
troieta;troieta;d3;faire des tours et détours;;;
trokata;trokata;d3;;;;
truilhaoua;truilhaoua;d3;chercher des guenilles;;;
tuta;tuta;d3;recruter;;;
urzhiata;urzhiata;d3;;;;
baraa;baraa;d3;chercher son pain;;;
viaoua;viaoua;d3;chercher des oeufs;;;
yota;yota;d3;manger de la bouillie;;;
aroueziañ ;arouez;d4;?;;;
adpriziañ;adpriz;d4;;;;
adurzhiañ;adurzh;d4;fabriquer artificiellement;;;
advouezhiañ;advouezh;d4;;;;
amaezhiañ;amaezh;d4;concentrer (chimie);;;
ambec’hiañ;ambec’h;d4;;;;
angeriañ;anger;d4;enterrer;;;
arzoberiañ;arzober;d4;;;;
bachelouriañ;bachelour;d4;braconner;;;
bec’hiañ;bec’h;d4;;;;
begiat;beg;d4;;;;
beziañ;bez;d4;;;;
bideviañ;bidev;d4;;;;
bigriañ;bigr;d4;;;;
boureviañ;bourev;d4;;;;
breudeuriañ;breudeur;d4;;;;
bureviañ;burev;d4;dater;;;
chaoseriañ;chaoser;d4;localiser;;;
daouvloavezhiañ;daouvloavezh;d4;manoeuvrer;;;
daskiriat;daskir;d4;;;;
dasperzhiañ;dasperzh;d4;graduer;;;
deiziañ;deiz;d4;;;;
delec’hiañ;delec'h;d4;;;;
deleviañ;delev;d4;interpréter;;;
dereziañ;derez;d4;énoncer;;;
dereziañ;derez;d4;;;;
deuriañ;deur;d4;exporter;;;
devezhiañ;devezh;d4;déprécier;;;
dewezhiañ;dewezh;d4;aplanir écrêter;;;
dezgeriañ;dezger;d4;se décomposer;;;
dibezhiañ;dibezh;d4;;;;
diborzhiañ;diborzh;d4;élargir;;;
dibriziañ;dibriz;d4;;;;
dic'hraviañ;dic’hrav;d4;;;;
didoueziañ;didouez;d4;;;;
difiziout ;difiz;d4;décroiser;;;
digarc'hariañ;digarc’har;d4;partir se déplacer;;;
digentroiañ;digentro;d4;démêler;;;
diglaviañ;diglav;d4;divaguer;;;
digorntroiañ;digorntro;d4;se méfier;;;
digroaziañ;digroaz;d4;dicter;;;
dilec'hiañ;dilec’h;d4;déshériter;;;
diluziañ;diluz;d4;déclarer;;;
dinaoziañ;dinaoz;d4;;;;
disfiziout ;disfiz;d4;déclarer;;;
disgeriañ;disger;d4;déclarer;;;
dishêriañ;dishêr;d4;démettre l’épaule;;;
disklaeriañ;disklaer;d4;congédier;;;
disklaviañ;disklav;d4;déformer;;;
diskleriañ;diskler;d4;séparer partir avorter;;;
disklêriañ;disklêr;d4;stériliser;;;
diskoaziañ;diskoaz;d4;déboussoler;;;
diskouviañ;diskouv;d4;;;;
disneuziañ;disneuz;d4;déraciner;;;
dispartiañ;dispart;d4;;;;
disperiañ;disper;d4;délivrer;;;
disturiañ;distur;d4;;;;
diswriat;diswr;d4;exhumer;;;
diswriziañ;diswriz;d4;;;;
diviañ;div;d4;?;;;
divec’hiañ;divec’h;d4;lever l’ancre;;;
divengleuziañ;divengleuz;d4;;;;
diveziañ;divez;d4;mettre en désordre;;;
divskoueriañ;divskouer;d4;géolocaliser;;;
dizambec’hiañ;dizambec’h;d4;;;;
dizeoriañ;dizeor;d4;accabler;;;
diziviañ;diziv;d4;;;;
dizurzhiañ;dizurzh;d4;;;;
douarlec’hiañ;douarlec'h;d4;;;;
dreistbec’hiañ;dreistbec’h;d4;;;;
droukskoueriañ;droukskouer;d4;;;;
drouziviañ;drouziv;d4;;;;
eilgeriañ;eilger;d4;embrocher;;;
eillec’hiañ ;eillec’h;d4;;;;
eilmouezhiañ;eilmouezh;d4;;;;
emluziañ;emluz;d4;encaisser;;;
emporzhiañ;emporzh;d4;;;;
enberiañ;enber;d4;;;;
enepkleuziañ;enepkleuz;d4;;;;
engwiriañ;engwir;d4;baguer;;;
enkefiañ;enkef;d4;;;;
enkelc’hiañ;enkelc’h;d4;;;;
enporzhiañ;enporzh;d4;;;;
entoueziañ;entouez;d4;;;;
enveziañ;envez;d4;;;;
erlec’hiañ;erlec’h;d4;;;;
ermaeziañ;ermaez;d4;;;;
esporzhiañ;esporzh;d4;;;;
evezhiañ;evezh;d4;;;;
ezkefiañ;ezkef;d4;;;;
ezporzhiañ;ezporzh;d4;;;;
fiziout;fiz;d4;cribler;;;
flaeriañ;flaer;d4;hennir;;;
fruiat;fru;d4;renouveler la litière;;;
glebiañ;gleb;d4;équiper;;;
gobariañ;gobar;d4;être transi de froid;;;
gourneriañ;gourner;d4;prendre racine;;;
gourriziañ ;gourriz;d4;superviser;;;
gouzeriañ;gouzer;d4;traiter;;;
greiañ;gre;d4;exprimer en paroles; voter;;
grisiañ;gris;d4;;;;
gwallskoueriañ;gwallskouer;d4;loger;;;
gwallvec'hiañ;gwallvec’h;d4;mettre au point (optique);;;
gwezheriañ;gwezher;d4;;;;
gwiriañ;gwir;d4;;;;
gwriziañ;gwriz;d4;introniser;;;
herberc’hiañ;herberc’h;d4;dévider;;;
hestiañ;hest;d4;;;;
hiniañ hiniat;hin;d4;;;;
isurzhiañ;isurzh;d4;;;;
kadoriañ;kador;d4;incarcérer;;;
kaladuriañ;kaladur;d4;diviser en quartier;;;
kammamzeriañ;kammamzer;d4;;;;
kammsteriañ;kammster;d4;;;;
kanturzhiañ;kanturzh;d4;doler;;;
karc’hariañ;karc’har;d4;cercler;;;
karteriañ;karter;d4;symboliser;;;
kebriañ;kebr;d4;cousiner;;;
kefiañ;kef;d4;proportionner;;;
keladuriañ;keladur;d4;confondre;;;
kelc’hiañ;kelc’h;d4;coopérer collaborer;;;
kenaroueziañ;kenarouez;d4;préfixer;;;
kenderviañ;kenderv;d4;prédéterminer;;;
kenfeuriañ;kenfeur;d4;;;;
kenluziañ;kenluz;d4;comparer;;;
kenoberiañ;kenober;d4;s’affilier;;;
kentgeriañ;kentger;d4;apparenter;;;
kentrediañ;kentred;d4;creuser;;;
kenurzhiañ;kenurzh;d4;;;;
keñveriañ;keñver;d4;charpenter;;;
kenvreuriañ;kenvreur;d4;;;;
kerentiañ;kerent;d4;effleurer;;;
keviañ;kev;d4;;;;
keweriañ;kewer;d4;fortifier;;;
kilviziañ;kilviz;d4;croiser;;;
kleuriañ;kleur;d4;cribler tamiser;;;
klisiañ;klis;d4;épuiser;;;
kraouiañ;kraou;d4;piloter gouverner;;;
kreñvlec'hian;kreñvlec’h;d4;avoir des lubies;;;
kroaziañ;kroaz;d4;;;;
kroueriañ;krouer;d4;macérer;;;
lazeriañ;lazer;d4;former des montagnes;;;
leviañ;lev;d4;exploiter une mine; une carrière;;
loariañ;loar;d4;martyriser;;;
luziañ;luz;d4;faire du drap;;;
meizhiañ;meizh;d4;;;;
meneziañ;menez;d4;;;;
mengleuziañ;mengleuz;d4;saturer;;;
merzheriañ;merzher;d4;;;;
mezheriañ;mezher;d4;émailler;;;
mogeriañ;moger;d4;nicher;;;
mouezhiañ;mouezh;d4;nager;;;
mougeviañ;mougev;d4;;;;
muriañ;mur;d4;faire un acte notarié;;;
naoziañ;naoz;d4;passer les soirées;;;
neizhiañ;neizh;d4;fabriquer;;;
neuial;neu;d4;;;;
neuziañ;neuz;d4;faire les cent pas;;;
noteriañ;noter;d4;télégraphier;;;
nozvezhiañ;nozvezh;d4;téléguider;;;
oberiañ;ober;d4;;;;
partial;part;d4;entraver;;;
paziañ;paz;d4;;;;
pellaroueziañ;pellarouez;d4;;;;
pellsturiañ;pellstur;d4;;;;
penifiañ;penif;d4;;;;
pennariiñ;pennar;d4;empaler;;;
pennaroueziañ;pennarouez;d4;;;;
pennurzhiañ;pennurzh;d4;apurer;;;
peoc’hiañ;peoc’h;d4;empoisonner;;;
perzhiañ;perzh;d4;dévorer;;;
peulveriañ;peulver;d4;imbiber;;;
peurvec’hiañ;peurvec'h;d4;;;;
peurwiriañ;peurwir;d4;accentuer;;;
pistriañ;pistr;d4;;;;
plaouiañ;plaou;d4;présager;;;
plomeisiañ;plomeis;d4;;;;
porzhiañ;porzh;d4;;;;
pouezmouezhiañ;pouezmouezh;d4;;;;
prederiañ;preder;d4;;;;
ragaroueziañ;ragarouez;d4;;;;
ragevezhiañ;ragevezh;d4;;;;
ragurzhiañ;ragurzh;d4;;;;
rakdeiziañ;rakdeiz;d4;remuer;;;
rakgeriañ;rakger;d4;racler;;;
rakprederiañ;rakpreder;d4;;;;
refiziout ;refiz;d4;;;;
reizhlec’hiañ;reizhlec’h;d4;;;;
remuiañ;remu;d4;;;;
reñviañ;reñv;d4;;;;
reoriañ ;reor;d4;;;;
revec’hiañ;revec’h;d4;;;;
revriañ ;revr;d4;sortir;;;
savlec’hiañ;savlec’h;d4;éjaculer;;;
sklaeriañ;sklaer;d4;glapir;;;
skoaziañ;skoaz;d4;cloisonner;;;
skuriañ;skur;d4;entraver;;;
sortial;sort;d4;;;;
speriañ;sper;d4;gloser;;;
speuñial;speuñ;d4;;;;
speuriañ;speur;d4;éternuer;;;
speviañ;spev;d4;;;;
spisc’heriañ;spisc’her;d4;;;;
spisc’heriañ;spisc’her;d4;empenner;;;
spislec’hiañ;dilec’h;d4;;;;
spluiañ;splu;d4;;;;
stêriañ;stêr;d4;;;;
steviañ;stev;d4;thésauriser;;;
stodiiñ ;stod;d4;tiercer;;;
streviañ;strev;d4;lambiner hésiter;;;
strevial;strev;d4;lambiner hésiter;;;
strizhkefridiañ;strizhkefrid;d4;retarder;;;
stuc’hiañ;stuc’h;d4;;;;
sturiañ;stur;d4;;;;
stuziañ;stuz;d4;mélanger fusionner;;;
suiañ;su;d4;;;;
teñzoriañ;teñzor;d4;;;;
terskiziañ;terskiz;d4;;;;
teteiat;tete;d4;;;;
toueziañ;touez;d4;transfuser;;;
treuzkiziat;treuzkiz;d4;;;;
treuzlec’hiañ;treuzlec’h;d4;;;;
treuzneuziañ;treuzneuz;d4;;;;
treuztiriañ ;treuztir;d4;;;;
treuzwazhiañ;treuzwazh;d4;;;;
trezeriañ;trezer;d4;;;;
turiañ;tur;d4;;;;
urzhiañ;urzh;d4;;;;
warlerc’hiañ ;warlerc’h;d4;;;;
adstaliañ;distali;d5;;;;
amheuliañ;amheul;d5;suivre accompagner ;;;
begeliat;bege;d5;bêler;;;
beoliañ;beo;d5;encuver;;;
bouc'haliañ;bouc’ha;d5;se servir de la hache;;;
bugeliañ;buge;d5;faire le pâtre;;;
c’hwiliañ;c’hwi;d5;fouiller;;;
dialiañ;dial;d5;déconseiller;;;
dic'haoliañ;dic’hao;d5;écarteler;;;
didaoliañ;didao;d5;défaire (le foin);;;
digoliañ;digao;d5;se désembourber;;;
diheiliañ;dihei;d5;endommager gâter;;;
dihiliañ;dihi;d5;égrener;;;
dioueliañ;diou;d5;dévoiler;;;
disheoliañ;dishe;d5;;;;
dishiliañ;dishi;d5;s’égrener;;;
diskuliañ;disku;d5;réveler;;;
distaliañ;dista;d5;;;;
dizaliañ;diza;d5;déconseiller;;;
dizeliañ;dise;d5;effeuiller;;;
ebeuliañ;ebeu;d5;pouliner;;;
emguzuliañ;emguzu;d5;se concerter;;;
emreoliañ;emreo;d5;se reglementer;;;
eouliañ;eou;d5;huiler;;;
gaoliañ;gao;d5;enjamber;;;
geveliat ;geve;d5;tenailler;;;
goueliañ;goue;d5;voiler;;;
gouraouliañ;gouraou;d5;s’enrouer légèrement;;;
goveliañ;gove;d5;forger;;;
gwakoliañ;gwako;d5;;;;
gwallgenteliañ;gwallkente;d5;;;;
gwallskoliañ;gwallsko;d5;;;;
heoliañ;heo;d5;;;;
heuliañ;heu;d5;suivre;;;
hiliañ;hi;d5;procréer;;;
ibiliañ;ibi;d5;cheviller;;;
kaeliañ;kae;d5;grillager;;;
kanoliañ;kano;d5;canonner;;;
kazeliañ;kaze;d5;prendre par le bras;;;
kendiskuliañ;kendisku;d5;manifester;;;
kenteliañ;kente;d5;enseigner;;;
kentkuzuliañ;kentkuzu;d5;préopiner;;;
kontroliañ;kontro;d5;contrarier contredire;;;
grignoliañ;grigno;d5;engranger;;;
kuzhuliat;kuzhu;d5;chuchoter;;;
kuzuliañ;kuzu;d5;conseiller;;;
mestaoliañ;mestao;d5;commettre un méfait;;;
meveliat;meve;d5;faire le valet;;;
morzholiañ;morzho;d5;marteler;;;
muzuliañ;muzu;d5;mesurer;;;
pavliañ;pavi;d5;;;;
peliat;pe;d5;peler;;;
peliañ;pe;d5;peler;;;
pellvuzuliañ;pellvuzu;d5;télémétrer;;;
peñseliat;peñse;d5;rapiécer;;;
peuliañ;peu;d5;;;;
raouliañ;raou;d5;s’enrouer;;;
reoliañ;reo;d5;régler;;;
sebeliañ;sebe;d5;ensevelir;;;
seuliañ;seu;d5;mettre un talon;;;
skeuliañ;skeu;d5;escalader;;;
soliañ;so;d5;consolider;;;
staliañ;sta;d5;installer;;;
staoliañ;stao;d5;mettre à l’étable;;;
stoliañ;sto;d5;mettre une étole ;;;
teoliañ;teo;d5;couvrir de tuile;;;
tommheoliañ;tommheo;d5;se chauffer au soleil;;;
treuzskeuliañ;treuzskeu;d5;moduler;;;
troc’holiañ;troc’ho;d5;chavirer verser;;;
adeouliañ;adeou;d5;;;;
adiziliañ;adizi;d5;;;;
adsoliañ;adso;d5;;;;
advuzuliañ;advuzu;d5;;;;
alianiñ;alian;d5;;;;
toufouliañ;toufou;d5;;;;
frezeliañ;freze;d5;;;;
adkoaniañ;adkoa;d6;;;;
adleuniañ;adleu;d6;;;;
adsterniañ;adster;d6;;;;
advleuniañ;advleu;d6;;;;
andoniañ;ando;d6;;;;
ankeniañ;anke;d6;;;;
aotrouniañ;aotrou;d6;;;;
askoaniañ;askoa;d6;réveillonner;;;
bagoniañ;bago;d6;enwagonner;;;
barzhoniañ;barzho;d6;faire de la poésie;;;
berniañ;ber;d6;;;;
bleniañ;ble;d6;;;;
bleuniañ;bleu;d6;;;;
borniañ;bor;d6;;;;
brasluniañ;braslu;d6;;;;
c’hweniañ;c’hwe;d6;;;;
c’hwiriniat;c’hwiri;d6;hennir;;;
chakoniat;chako;d6;couper mal; mâcher;;
deskoniañ;desko;d6;;;;
diboaniañ;diboa;d6;;;;
dibrizoniañ;dibrizo;d6;;;;
didreniañ;didre;d6;;;;
diforniañ;difor;d6;;;;
digendoniañ ;digendo;d6;désharmoniser;;;
digorniañ;digor;d6;;;;
dikorniañ;dikor;d6;?;;;
dinaoniañ;dinao;d6;;;;
disaniañ;disa;d6;;;;
disleuniañ;disleu;d6;;;;
disterniañ;dister;d6;;;;
diverniañ;diver;d6;;;;
divleuniañ;divleu;d6;;;;
divoniañ;divo;d6;;;;
diwerniañ;diwer;d6;;;;
dizoaniañ;dizoa;d6;;;;
dizorniañ;dizor;d6;;;;
doaniañ;doa;d6;;;;
eiltoniañ;eilto;d6;;;;
enforniañ;enfor;d6;;;;
ensterniañ;enster;d6;;;;
fiskoaniañ;fiskoa;d6;;;;
forniañ;for;d6;;;;
fortuniañ;fortu;d6;;;;
funiañ;fu;d6;;;;
greuniañ;greu;d6;;;;
gwardoniañ;gwardo;d6;;;;
gwazoniañ;gwazo;d6;servir de vassal;;;
gwerniañ;gwer;d6;;;;
gwerzoniañ;gwerzor;d6;;;;
iforniañ;ifor;d6;?;;;
igouniañ;igou;d6;;;;
kazarniañ;kazar;d6;;;;
kefluniañ;keflu;d6;;;;
kendoniañ;kendo;d6;harmoniser;;;
kerniañ;ker;d6;;;;
koaniañ;koa;d6;;;;
komuniañ;komu;d6;;;;
kornial;kor;d6;;;;
krenial;kre;d6;;;;
laoniañ;lao;d6;;;;
leuniañ;leu;d6;;;;
luniañ;lu;d6;structurer;;;
maeroniañ;maero;d6;;;;
marnaoniañ;marnao;d6;;;;
mestroniañ;mestro;d6;;;;
muturniañ;mutur;d6;;;;
naoniañ;nao;d6;;;;
paeroniañ;paero;d6;;;;
pagoniañ;pago;d6;;;;
pellvleniañ;pellvle;d6;;;;
poaniañ;poa;d6;;;;
prizoniañ;prizo;d6;;;;
pusuniiñ;pusu;d6;empoisonner;;;
rakprizoniañ;raprizo;d6;;;;
siferniañ;sifer;d6;;;;
sterniañ;ster;d6;;;;
toniañ;to;d6;;;;
torc’hwenial;torc’hwe;d6;;;;
adober ;adc'hr;d7;;;;
diober;dic'hr;d7;;;;
dizober;disc'hr;d7;;;;
drougober;droukc'hr;d7;;;;
fallober;fallc'hr;d7;;;;
peurober;peurc'hr;d7;;;;
ober;gr;d7;;;;
;amplet;a1;;;;
;ampoezon;a1;;;;
;amprest;a1;;;;
;amprou;a1;;;;
;amsav;a1;;;;
;amsell;a1;;;;
;amsent;a1;;;;
;amyezh;a1;;;;
;amzer;a1;;;;
;amzere;a1;;;;
;amzeriad;a1;;;;
;an;a1;;;;
;añ;a1;;;;
;anal;a1;;;;
;anaoudadur;a1;;;;
;anaoue;a1;;;;
;anav;a1;;;;
;anavez;a1;;;;
;anavezadenn;a1;;;;
;anch;a1;;;;
;andell;a1;;;;
;andenn;a1;;;;
;andor;a1;;;;
;andorenn;a1;;;;
;aner;a1;;;;
;angell;a1;;;;
;anglev;a1;;;;
;ankelc'h;a1;;;;
;anlest;a1;;;;
;annez;a1;;;;
;annoazh;a1;;;;
;annod;a1;;;;
;anoaz;a1;;;;
;anoued;a1;;;;
;ansouezh;a1;;;;
;antell;a1;;;;
;antre;a1;;;;
;anverv;a1;;;;
;anzav;a1;;;;
;aoch;a1;;;;
;aon;a1;;;;
;aotenn;a1;;;;
;aotre;a1;;;;
;aour;a1;;;;
;aoz;a1;;;;
;aparchant;a1;;;;
;aprou;a1;;;;
;ar;a1;;;;
;aradenn;a1;;;;
;araj;a1;;;;
;arak;a1;;;;
;arast;a1;;;;
;arbenn;a1;;;;
;arboell;a1;;;;
;arbouez;a1;;;;
;arc'h;a1;;;;
;arc'hant;a1;;;;
;arc'hantaou;a1;;;;
;arc'hantbev;a1;;;;
;arc'hen;a1;;;;
;arc'hopr;a1;;;;
;arched;a1;;;;
;ardamez;a1;;;;
;ardaou;a1;;;;
;ardav;a1;;;;
;ardilh;a1;;;;
;ardivinkel;a1;;;;
;ardreñv;a1;;;;
;ardroazh;a1;;;;
;argad;a1;;;;
;argadenn;a1;;;;
;argaoze;a1;;;;
;argarzh;a1;;;;
;argas;a1;;;;
;argerzhadur;a1;;;;
;argil;a1;;;;
;argouraou;a1;;;;
;argred;a1;;;;
;arguz;a1;;;;
;arguzenn;a1;;;;
;arlaou;a1;;;;
;arlec'hou;a1;;;;
;arliv;a1;;;;
;arloug;a1;;;;
;arm;a1;;;;
;armerzh;a1;;;;
;arnevez;a1;;;;
;arnod;a1;;;;
;arnodenn;a1;;;;
;arouel;a1;;;;
;arouezenn;a1;;;;
;arpej;a1;;;;
;arrerc'h;a1;;;;
;arrest;a1;;;;
;arroudenn;a1;;;;
;arsailh;a1;;;;
;arsav;a1;;;;
;arsell;a1;;;;
;arvar;a1;;;;
;arvell;a1;;;;
;arver;a1;;;;
;arvest;a1;;;;
;arvez;a1;;;;
;arvrok;a1;;;;
;arwerzh;a1;;;;
;arzijin;a1;;;;
;asant;a1;;;;
;ask;a1;;;;
;askemer;a1;;;;
;askenn;a1;;;;
;askerb;a1;;;;
;askloed;a1;;;;
;askre;a1;;;;
;asot;a1;;;;
;asoup;a1;;;;
;asped;a1;;;;
;aspled;a1;;;;
;asrk;a1;;;;
;astal;a1;;;;
;astell;a1;;;;
;astenn;a1;;;;
;astiñv;a1;;;;
;astomm;a1;;;;
;astuz;a1;;;;
;asur;a1;;;;
;atahin;a1;;;;
;aters;a1;;;;
;atiz;a1;;;;
;atredaou;a1;;;;
;aunan;a1;;;;
;ave;a1;;;;
;avel;a1;;;;
;aveskell;a1;;;;
;avi;a1;;;;
;aviel;a1;;;;
;avoultr;a1;;;;
;awen;a1;;;;
;azaouez;a1;;;;
;azdoubl;a1;;;;
;azen;a1;;;;
;azeul;a1;;;;
;azez;a1;;;;
;azgor;a1;;;;
;azgoulenn;a1;;;;
;azgwel;a1;;;;
;azlavar;a1;;;;
;azne;a1;;;;
;azrann;a1;;;;
;azrec'h;a1;;;;
;azv;a1;;;;
;azverk;a1;;;;
;c'hwec'hkement;a1;;;;
;c'hwec'hvedenn;a1;;;;
;c'hwed;a1;;;;
;c'hwez;a1;;;;
;c'hwezekvedenn;a1;;;;
;c'hwezh;a1;;;;
;c'hwezhadenn;a1;;;;
;c'hwezigenn;a1;;;;
;c'hwi;a1;;;;
;c'hwib;a1;;;;
;c'hwiblaer;a1;;;;
;c'hwidolenn;a1;;;;
;c'hwilerv;a1;;;;
;c'hwilost;a1;;;;
;c'hwirin;a1;;;;
;c'hwist;a1;;;;
;c'hwit;a1;;;;
;c'hwitell;a1;;;;
;chabistr;a1;;;;
;chabous;a1;;;;
;chabout;a1;;;;
;chadenn;a1;;;;
;chafod;a1;;;;
;chafrañs;a1;;;;
;chag;a1;;;;
;chagell;a1;;;;
;chagrin;a1;;;;
;chak;a1;;;;
;chal;a1;;;;
;chalami;a1;;;;
;chalbot;a1;;;;
;chalk;a1;;;;
;chalm;a1;;;;
;chalp;a1;;;;
;chalvant;a1;;;;
;champal;a1;;;;
;champou;a1;;;;
;chan;a1;;;;
;chañs;a1;;;;
;chaok;a1;;;;
;chaotr;a1;;;;
;chapeled;a1;;;;
;charigell;a1;;;;
;charoñs;a1;;;;
;charre;a1;;;;
;charreadeg;a1;;;;
;chart;a1;;;;
;chase;a1;;;;
;chastre;a1;;;;
;cheñch;a1;;;;
;chenjenn;a1;;;;
;cheris;a1;;;;
;cherj;a1;;;;
;chervad;a1;;;;
;chif;a1;;;;
;chifrodenn;a1;;;;
;chik;a1;;;;
;chikan;a1;;;;
;chilp;a1;;;;
;chimi;a1;;;;
;chink;a1;;;;
;chint;a1;;;;
;chipot;a1;;;;
;choaz;a1;;;;
;choberd;a1;;;;
;chokin;a1;;;;
;chol;a1;;;;
;cholgenn;a1;;;;
;chom;a1;;;;
;chou;a1;;;;
;chouan;a1;;;;
;choug;a1;;;;
;chougad;a1;;;;
;chouk;a1;;;;
;choukad;a1;;;;
;choukenn;a1;;;;
;choup;a1;;;;
;chour;a1;;;;
;chourik;a1;;;;
;chuch;a1;;;;
;chuchu;a1;;;;
;chug;a1;;;;
;chugell;a1;;;;
;chumenn;a1;;;;
;chut;a1;;;;
;chutell;a1;;;;
;eal;a1;;;;
;ebarzh;a1;;;;
;ebat;a1;;;;
;ec'hanal;a1;;;;
;ec'hoaz;a1;;;;
;ec'hod;a1;;;;
;echeve;a1;;;;
;echu;a1;;;;
;edifi;a1;;;;
;eeun;a1;;;;
;efed;a1;;;;
;eferuz;a1;;;;
;efreizh;a1;;;;
;egar;a1;;;;
;egin;a1;;;;
;ehan;a1;;;;
;eien;a1;;;;
;eienenn;a1;;;;
;eil;a1;;;;
;eildimez;a1;;;;
;eilfeurm;a1;;;;
;eilhon;a1;;;;
;eilkostez;a1;;;;
;eilliv;a1;;;;
;eilmoull;a1;;;;
;eilpenn;a1;;;;
;eilpren;a1;;;;
;eilrann;a1;;;;
;eilskeudenn;a1;;;;
;eilskriv;a1;;;;
;eilstourm;a1;;;;
;eiltres;a1;;;;
;eizhkement;a1;;;;
;eizhvedenn;a1;;;;
;elevez;a1;;;;
;elfenn;a1;;;;
;elien;a1;;;;
;elum;a1;;;;
;emanavez;a1;;;;
;emaoz;a1;;;;
;emar;a1;;;;
;embann;a1;;;;
;embannn;a1;;;;
;embar;a1;;;;
;emblad;a1;;;;
;embleustr;a1;;;;
;embrager;a1;;;;
;embreg;a1;;;;
;emc'hloaz;a1;;;;
;emdenn;a1;;;;
;eme;a1;;;;
;emell;a1;;;;
;emezel;a1;;;;
;emfenn;a1;;;;
;emfiñv;a1;;;;
;emgann;a1;;;;
;emgav;a1;;;;
;emgefre;a1;;;;
;emgej;a1;;;;
;emgemmesk;a1;;;;
;emginkl;a1;;;;
;emgledour;a1;;;;
;emlazh;a1;;;;
;emled;a1;;;;
;emliv;a1;;;;
;emors;a1;;;;
;emouestl;a1;;;;
;emouez;a1;;;;
;empenn;a1;;;;
;empennwalc'h;a1;;;;
;empent;a1;;;;
;empet;a1;;;;
;empleg;a1;;;;
;empr;a1;;;;
;empraou;a1;;;;
;emprenn;a1;;;;
;emroll;a1;;;;
;emsav;a1;;;;
;emsil;a1;;;;
;emskeudenn;a1;;;;
;emskiant;a1;;;;
;emstag;a1;;;;
;emstlej;a1;;;;
;emstou;a1;;;;
;emstrink;a1;;;;
;emstriv;a1;;;;
;emstrobell;a1;;;;
;emstrollad;a1;;;;
;emstumm;a1;;;;
;emvag;a1;;;;
;emvestroni;a1;;;;
;emveuz;a1;;;;
;emvev;a1;;;;
;emvir;a1;;;;
;emvod;a1;;;;
;emwalc'h;a1;;;;
;emwan;a1;;;;
;emwazhienn;a1;;;;
;emwe;a1;;;;
;emwel;a1;;;;
;emzarempred;a1;;;;
;emzastum;a1;;;;
;emziazez;a1;;;;
;emzifenn;a1;;;;
;emziforc'h;a1;;;;
;emziliv;a1;;;;
;emziouer;a1;;;;
;emzispac'h;a1;;;;
;emzisrann;a1;;;;
;emzistruj;a1;;;;
;emzivad;a1;;;;
;emzivadez;a1;;;;
;emziviz;a1;;;;
;emzizalc'h;a1;;;;
;enanal;a1;;;;
;enand;a1;;;;
;enaou;a1;;;;
;enask;a1;;;;
;enben;a1;;;;
;enboest;a1;;;;
;enboneg;a1;;;;
;enborc'h;a1;;;;
;enboull;a1;;;;
;enbroad;a1;;;;
;endalc'h;a1;;;;
;endastum;a1;;;;
;endon;a1;;;;
;endramm;a1;;;;
;eneb;a1;;;;
;enebour;a1;;;;
;enepstourm;a1;;;;
;enezenn;a1;;;;
;enflistr;a1;;;;
;enframm;a1;;;;
;enfred;a1;;;;
;engalv;a1;;;;
;engehent;a1;;;;
;englen;a1;;;;
;engouestl;a1;;;;
;engrav;a1;;;;
;engronn;a1;;;;
;engwan;a1;;;;
;engwask;a1;;;;
;engwerc'h;a1;;;;
;enk;a1;;;;
;enkant;a1;;;;
;enkarg;a1;;;;
;enkev;a1;;;;
;enklaou;a1;;;;
;enklask;a1;;;;
;enklav;a1;;;;
;enkloz;a1;;;;
;enkorf;a1;;;;
;enkoun;a1;;;;
;enkrez;a1;;;;
;enlevr;a1;;;;
;enliv;a1;;;;
;enlouc'h;a1;;;;
;enluc'h;a1;;;;
;enmoull;a1;;;;
;enneg;a1;;;;
;ennod;a1;;;;
;enoe;a1;;;;
;enor;a1;;;;
;enplant;a1;;;;
;enred;a1;;;;
;enroll;a1;;;;
;ensac'h;a1;;;;
;ensell;a1;;;;
;enserch;a1;;;;
;enserr;a1;;;;
;ensil;a1;;;;
;ensinkl;a1;;;;
;enskant;a1;;;;
;enskej;a1;;;;
;enskriv;a1;;;;
;enskuilh;a1;;;;
;ensoc'h;a1;;;;
;enstrilh;a1;;;;
;enstrinkell;a1;;;;
;enstrobell;a1;;;;
;enstrollad;a1;;;;
;entan;a1;;;;
;enteuz;a1;;;;
;entraezh;a1;;;;
;entrevad;a1;;;;
;eñvor;a1;;;;
;eog;a1;;;;
;eon;a1;;;;
;eonenn;a1;;;;
;eor;a1;;;;
;eost;a1;;;;
;eoul;a1;;;;
;erbed;a1;;;;
;erc'h;a1;;;;
;ere;a1;;;;
;erez;a1;;;;
;ergerzh;a1;;;;
;ergraf;a1;;;;
;ergur;a1;;;;
;erien;a1;;;;
;eriñv;a1;;;;
;erion;a1;;;;
;erlam;a1;;;;
;erlun;a1;;;;
;erlusk;a1;;;;
;ernij;a1;;;;
;erounez;a1;;;;
;erru;a1;;;;
;erv;a1;;;;
;ervenn;a1;;;;
;esae;a1;;;;
;esev;a1;;;;
;eskaout;a1;;;;
;eskell;a1;;;;
;eskemm;a1;;;;
;eskumunug;a1;;;;
;esmae;a1;;;;
;esmol;a1;;;;
;esper;a1;;;;
;espern;a1;;;;
;espled;a1;;;;
;esteuz;a1;;;;
;estlamm;a1;;;;
;eston;a1;;;;
;estrenvan;a1;;;;
;etrebroadel;a1;;;;
;etredaou;a1;;;;
;etrefollenn;a1;;;;
;etrelas;a1;;;;
;etrelezel;a1;;;;
;etrelinenn;a1;;;;
;etrepaouez;a1;;;;
;etreskriv;a1;;;;
;etrewel;a1;;;;
;etreweladenn;a1;;;;
;eugroez;a1;;;;
;eur;a1;;;;
;eurc'h;a1;;;;
;eured;a1;;;;
;euteurvez;a1;;;;
;euver;a1;;;;
;euvr;a1;;;;
;euzh;a1;;;;
;ev;a1;;;;
;evod;a1;;;;
;ezañs;a1;;;;
;ezaou;a1;;;;
;ezfred;a1;;;;
;ezkloz;a1;;;;
;ezred;a1;;;;
;ezrevell;a1;;;;
;eztaol;a1;;;;
;eztenn;a1;;;;
;ezven;a1;;;;
;ezvez;a1;;;;
;ezvoneg;a1;;;;
;ezvor;a1;;;;
;ezvorc'h;a1;;;;
;ezvoud;a1;;;;
;ezwerc'h;a1;;;;
;fabl;a1;;;;
;fablenn;a1;;;;
;fach;a1;;;;
;fad;a1;;;;
;fae;a1;;;;
;faezh;a1;;;;
;fagod;a1;;;;
;fagodenn;a1;;;;
;fak;a1;;;;
;fakturenn;a1;;;;
;fal;a1;;;;
;falastr;a1;;;;
;falc'h;a1;;;;
;fale;a1;;;;
;fall;a1;;;;
;fallenn;a1;;;;
;fallgalon;a1;;;;
;fallvarch;a1;;;;
;fallvlaz;a1;;;;
;fallvrud;a1;;;;
;fallvuntr;a1;;;;
;fallwerzh;a1;;;;
;FALS;a1;;;;
;falstamall;a1;;;;
;falsvarch;a1;;;;
;faltazi;a1;;;;
;falvez;a1;;;;
;fank;a1;;;;
;fankigell;a1;;;;
;faot;a1;;;;
;faouez;a1;;;;
;faout;a1;;;;
;faragouilh;a1;;;;
;fard;a1;;;;
;fardell;a1;;;;
;farlok;a1;;;;
;farlot;a1;;;;
;farouell;a1;;;;
;fars;a1;;;;
;farsell;a1;;;;
;fas;a1;;;;
;fasad;a1;;;;
;fast;a1;;;;
;fat;a1;;;;
;fatik;a1;;;;
;fatrouz;a1;;;;
;favez;a1;;;;
;febr;a1;;;;
;feg;a1;;;;
;fehe;a1;;;;
;feilhenn;a1;;;;
;feilhet;a1;;;;
;feiz;a1;;;;
;feket;a1;;;;
;felestr;a1;;;;
;fell;a1;;;;
;felladenn;a1;;;;
;fellel;a1;;;;
;felon;a1;;;;
;feltr;a1;;;;
;fenestr;a1;;;;
;fent;a1;;;;
;fentigell;a1;;;;
;fer;a1;;;;
;fersdu;a1;;;;
;feskenn;a1;;;;
;feson;a1;;;;
;fest;a1;;;;
;festailh;a1;;;;
;fetek;a1;;;;
;fetis;a1;;;;
;fetiz;a1;;;;
;fetrol;a1;;;;
;fetved;a1;;;;
;feud;a1;;;;
;feul;a1;;;;
;feulz;a1;;;;
;feurm;a1;;;;
;feuz;a1;;;;
;fiaou;a1;;;;
;fibl;a1;;;;
;fic'h;a1;;;;
;fic'hell;a1;;;;
;fich;a1;;;;
;fichell;a1;;;;
;fichenn;a1;;;;
;fichfich;a1;;;;
;fidelenn;a1;;;;
;fifil;a1;;;;
;fign;a1;;;;
;figuz;a1;;;;
;fiklamm;a1;;;;
;filaj;a1;;;;
;filen;a1;;;;
;filienn;a1;;;;
;filim;a1;;;;
;filip;a1;;;;
;fillig;a1;;;;
;film;a1;;;;
;filozofi;a1;;;;
;findall;a1;;;;
;findaon;a1;;;;
;fines;a1;;;;
;finfoeltr;a1;;;;
;finis;a1;;;;
;finouc'hell;a1;;;;
;fiñs;a1;;;;
;fiñv;a1;;;;
;finvez;a1;;;;
;fiñvskeudenn;a1;;;;
;firbouch;a1;;;;
;firitell;a1;;;;
;fisel;a1;;;;
;fistilh;a1;;;;
;fistoul;a1;;;;
;fiz;a1;;;;
;fizhskej;a1;;;;
;fiziañs;a1;;;;
;fiziol;a1;;;;
;flac'h;a1;;;;
;flac'had;a1;;;;
;flach;a1;;;;
;flaeriuz;a1;;;;
;flak;a1;;;;
;flamm;a1;;;;
;flammenn;a1;;;;
;flammflammin;a1;;;;
;flammich;a1;;;;
;flammijenn;a1;;;;
;flammin;a1;;;;
;flamminenn;a1;;;;
;flañch;a1;;;;
;flap;a1;;;;
;flapenn;a1;;;;
;flatr;a1;;;;
;fle;a1;;;;
;flemm;a1;;;;
;flemmik;a1;;;;
;fleurach;a1;;;;
;fleuris;a1;;;;
;fleüt;a1;;;;
;flik;a1;;;;
;flikenn;a1;;;;
;flikflok;a1;;;;
;flink;a1;;;;
;flion;a1;;;;
;flip;a1;;;;
;flistr;a1;;;;
;floc'h;a1;;;;
;floj;a1;;;;
;flojenn;a1;;;;
;flokign;a1;;;;
;floup;a1;;;;
;flour;a1;;;;
;flourdiliz;a1;;;;
;flouret;a1;;;;
;flourik;a1;;;;
;fludenn;a1;;;;
;flumm;a1;;;;
;fobl;a1;;;;
;foeltr;a1;;;;
;foeltrad;a1;;;;
;foenn;a1;;;;
;foeñv;a1;;;;
;foet;a1;;;;
;foj;a1;;;;
;foked;a1;;;;
;fole;a1;;;;
;foll;a1;;;;
;follenn;a1;;;;
;folotenn;a1;;;;
;fonn;a1;;;;
;foñs;a1;;;;
;foran;a1;;;;
;forbanis;a1;;;;
;forbann;a1;;;;
;forbu;a1;;;;
;forc'h;a1;;;;
;forj;a1;;;;
;fors;a1;;;;
;forzh;a1;;;;
;fot;a1;;;;
;fouez;a1;;;;
;fougas;a1;;;;
;fouge;a1;;;;
;fouilhez;a1;;;;
;foul;a1;;;;
;founilh;a1;;;;
;fourch;a1;;;;
;fourdouilh;a1;;;;
;fourgas;a1;;;;
;fourr;a1;;;;
;foutouilh;a1;;;;
;fouzh;a1;;;;
;fozell;a1;;;;
;frae;a1;;;;
;frailh;a1;;;;
;framm;a1;;;;
;frañchiz;a1;;;;
;frankiz;a1;;;;
;frañsez;a1;;;;
;fraoñv;a1;;;;
;fraoul;a1;;;;
;frap;a1;;;;
;fraskell;a1;;;;
;frealz;a1;;;;
;freg;a1;;;;
;freilh;a1;;;;
;frej;a1;;;;
;frenezi;a1;;;;
;fres;a1;;;;
;fresel;a1;;;;
;fresk;a1;;;;
;fret;a1;;;;
;fretenn;a1;;;;
;freuz;a1;;;;
;frezilhon;a1;;;;
;friant;a1;;;;
;frifurch;a1;;;;
;frigas;a1;;;;
;frik;a1;;;;
;frikot;a1;;;;
;frim;a1;;;;
;fring;a1;;;;
;fringal;a1;;;;
;fringell;a1;;;;
;fringol;a1;;;;
;frinjin;a1;;;;
;frink;a1;;;;
;frip;a1;;;;
;fripon;a1;;;;
;frit;a1;;;;
;friz;a1;;;;
;frizach;a1;;;;
;frizenn;a1;;;;
;frofit;a1;;;;
;frogramm;a1;;;;
;from;a1;;;;
;fromet;a1;;;;
;fron;a1;;;;
;frond;a1;;;;
;fronell;a1;;;;
;froñs;a1;;;;
;fropik;a1;;;;
;frosesion;a1;;;;
;frosez;a1;;;;
;frot;a1;;;;
;frou;a1;;;;
;frouad;a1;;;;
;froud;a1;;;;
;froudenn;a1;;;;
;frouezh;a1;;;;
;frouezhig;a1;;;;
;froum;a1;;;;
;fruk;a1;;;;
;ftist;a1;;;;
;fu;a1;;;;
;fuc'h;a1;;;;
;fuch;a1;;;;
;fuin;a1;;;;
;fuket;a1;;;;
;fulenn;a1;;;;
;fulor;a1;;;;
;fum;a1;;;;
;furch;a1;;;;
;fured;a1;;;;
;furgut;a1;;;;
;furik;a1;;;;
;furlukin;a1;;;;
;furm;a1;;;;
;furmaoz;a1;;;;
;fust;a1;;;;
;habaskter;a1;;;;
;had;a1;;;;
;hael;a1;;;;
;haer;a1;;;;
;haez;a1;;;;
;hak;a1;;;;
;haket;a1;;;;
;hal;a1;;;;
;hall;a1;;;;
;halleg;a1;;;;
;hallegach;a1;;;;
;halloudeg;a1;;;;
;halp;a1;;;;
;hande;a1;;;;
;haneil;a1;;;;
;hangae;a1;;;;
;hanoch;a1;;;;
;hanter;a1;;;;
;hanterbrezeg;a1;;;;
;hanterglev;a1;;;;
;hanterkantvedenn;a1;;;;
;hanterour;a1;;;;
;hantersell;a1;;;;
;hanterwel;a1;;;;
;hanterzegemer;a1;;;;
;hañv;a1;;;;
;hañval;a1;;;;
;hardizh;a1;;;;
;harlu;a1;;;;
;harnez;a1;;;;
;harp;a1;;;;
;harzell;a1;;;;
;harzh;a1;;;;
;harzlamm;a1;;;;
;hast;a1;;;;
;hat;a1;;;;
;havreg;a1;;;;
;hed;a1;;;;
;hedrevn;a1;;;;
;heg;a1;;;;
;hegas;a1;;;;
;hej;a1;;;;
;heklev;a1;;;;
;helc'h;a1;;;;
;hell;a1;;;;
;hemolc'h;a1;;;;
;hen;a1;;;;
;heñch;a1;;;;
;hent;a1;;;;
;heñvel;a1;;;;
;herit;a1;;;;
;herlink;a1;;;;
;hern;a1;;;;
;hernach;a1;;;;
;herp;a1;;;;
;hers;a1;;;;
;hesk;a1;;;;
;hesked;a1;;;;
;heskenn;a1;;;;
;heskin;a1;;;;
;het;a1;;;;
;heud;a1;;;;
;heug;a1;;;;
;heuz;a1;;;;
;heuzaou;a1;;;;
;heveleb;a1;;;;
;hez;a1;;;;
;hiboud;a1;;;;
;higenn;a1;;;;
;hik;a1;;;;
;hiket;a1;;;;
;hilastal;a1;;;;
;hilgenn;a1;;;;
;hilienn;a1;;;;
;hillig;a1;;;;
;hinaoz;a1;;;;
;hinienn;a1;;;;
;hinon;a1;;;;
;hiñs;a1;;;;
;hinte;a1;;;;
;hiraezh;a1;;;;
;hirglañv;a1;;;;
;hirgleizenn;a1;;;;
;hiris;a1;;;;
;hiron;a1;;;;
;hirvoud;a1;;;;
;hivig;a1;;;;
;hoal;a1;;;;
;hobregon;a1;;;;
;hoc'hell;a1;;;;
;hogenn;a1;;;;
;holen;a1;;;;
;holl;a1;;;;
;hollad;a1;;;;
;hollaik;a1;;;;
;holleg;a1;;;;
;hop;a1;;;;
;hopell;a1;;;;
;hopenn;a1;;;;
;horell;a1;;;;
;horellot;a1;;;;
;horigell;a1;;;;
;horjell;a1;;;;
;horos;a1;;;;
;hosk;a1;;;;
;hoskell;a1;;;;
;hou;a1;;;;
;houarn;a1;;;;
;houarnenn;a1;;;;
;houarnlazh;a1;;;;
;houarnwisk;a1;;;;
;houj;a1;;;;
;houlenn;a1;;;;
;houll;a1;;;;
;houllonder;a1;;;;
;houp;a1;;;;
;houperig;a1;;;;
;hu;a1;;;;
;hual;a1;;;;
;huanad;a1;;;;
;hubot;a1;;;;
;huch;a1;;;;
;hud;a1;;;;
;hude;a1;;;;
;hue;a1;;;;
;huern;a1;;;;
;hujaot;a1;;;;
;hun;a1;;;;
;hune;a1;;;;
;hunvre;a1;;;;
;huñvre;a1;;;;
;hup;a1;;;;
;hupenn;a1;;;;
;huper;a1;;;;
;hurenn;a1;;;;
;hurlink;a1;;;;
;hutin;a1;;;;
;huzil;a1;;;;
;idol;a1;;;;
;ifam;a1;;;;
;ifern;a1;;;;
;iforn;a1;;;;
;igor;a1;;;;
;ijin;a1;;;;
;ijinerezh;a1;;;;
;ilin;a1;;;;
;iliz;a1;;;;
;imboud;a1;;;;
;imbourc'h;a1;;;;
;imbroud;a1;;;;
;imor;a1;;;;
;implij;a1;;;;
;inar;a1;;;;
;inchaj;a1;;;;
;indeks;a1;;;;
;indu;a1;;;;
;indukt;a1;;;;
;ingailh;a1;;;;
;ingal;a1;;;;
;ingenn;a1;;;;
;inglod;a1;;;;
;ingoch;a1;;;;
;inkane;a1;;;;
;inkard;a1;;;;
;inkaz;a1;;;;
;inosant;a1;;;;
;inot;a1;;;;
;intañv;a1;;;;
;intañvez;a1;;;;
;intent;a1;;;;
;inter;a1;;;;
;interdiz;a1;;;;
;intesk;a1;;;;
;intr;a1;;;;
;inzroug;a1;;;;
;irienn;a1;;;;
;is;a1;;;;
;isfont;a1;;;;
;isil;a1;;;;
;iskrim;a1;;;;
;islinenn;a1;;;;
;islonk;a1;;;;
;ispilh;a1;;;;
;istim;a1;;;;
;istitl;a1;;;;
;istribilh;a1;;;;
;itrik;a1;;;;
;izil;a1;;;;
;jabl;a1;;;;
;jagouilh;a1;;;;
;jagud;a1;;;;
;jahin;a1;;;;
;jal;a1;;;;
;janabl;a1;;;;
;jangl;a1;;;;
;jaodr;a1;;;;
;jaodre;a1;;;;
;jaoj;a1;;;;
;jardin;a1;;;;
;jardrin;a1;;;;
;jarne;a1;;;;
;jav;a1;;;;
;jed;a1;;;;
;jedadenn;a1;;;;
;jel;a1;;;;
;jerbl;a1;;;;
;jestr;a1;;;;
;jestraou;a1;;;;
;jilgamm;a1;;;;
;jingell;a1;;;;
;jodad;a1;;;;
;joentr;a1;;;;
;jog;a1;;;;
;jol;a1;;;;
;jolis;a1;;;;
;jorgell;a1;;;;
;jubenn;a1;;;;
;junt;a1;;;;
;justifi;a1;;;;
;labaskenn;a1;;;;
;labenn;a1;;;;
;labez;a1;;;;
;labour;a1;;;;
;laer;a1;;;;
;laes;a1;;;;
;laezh;a1;;;;
;lagad;a1;;;;
;lagadenn;a1;;;;
;lagenn;a1;;;;
;lak;a1;;;;
;lakenn;a1;;;;
;lakon;a1;;;;
;lambig;a1;;;;
;lambrusk;a1;;;;
;lamm;a1;;;;
;lammedik;a1;;;;
;lammik;a1;;;;
;lampon;a1;;;;
;lampr;a1;;;;
;lañchenn;a1;;;;
;landre;a1;;;;
;landreant;a1;;;;
;landregenn;a1;;;;
;landrenn;a1;;;;
;lanfasenn;a1;;;;
;langaj;a1;;;;
;langis;a1;;;;
;langu;a1;;;;
;lañs;a1;;;;
;lanvenn;a1;;;;
;laonenn;a1;;;;
;lap;a1;;;;
;lard;a1;;;;
;larjez;a1;;;;
;las;a1;;;;
;lasbann;a1;;;;
;lasenn;a1;;;;
;lastez;a1;;;;
;lastr;a1;;;;
;latar;a1;;;;
;latarenn;a1;;;;
;latenn;a1;;;;
;latin;a1;;;;
;lavar;a1;;;;
;lavig;a1;;;;
;lavreg;a1;;;;
;laz;a1;;;;
;lazh;a1;;;;
;lazhadeg;a1;;;;
;le;a1;;;;
;lec'h;a1;;;;
;lec'henn;a1;;;;
;led;a1;;;;
;ledanv;a1;;;;
;legad;a1;;;;
;legaf;a1;;;;
;lein;a1;;;;
;leizh;a1;;;;
;lemm;a1;;;;
;lenn;a1;;;;
;lennegel;a1;;;;
;lent;a1;;;;
;leñv;a1;;;;
;lerc'hwez;a1;;;;
;lêrenn;a1;;;;
;lesanv;a1;;;;
;lestr;a1;;;;
;leterc'h;a1;;;;
;leton;a1;;;;
;letonenn;a1;;;;
;leubeurc'henn;a1;;;;
;leur;a1;;;;
;leurenn;a1;;;;
;leve;a1;;;;
;levezon;a1;;;;
;levn;a1;;;;
;lezel;a1;;;;
;lezenn;a1;;;;
;lezir;a1;;;;
;liamm;a1;;;;
;libistr;a1;;;;
;libistrenn;a1;;;;
;libouz;a1;;;;
;lid;a1;;;;
;lidlazh;a1;;;;
;lidour;a1;;;;
;lien;a1;;;;
;lienenn;a1;;;;
;liesdoare;a1;;;;
;lieskement;a1;;;;
;liesskriv;a1;;;;
;lietenn;a1;;;;
;lifr;a1;;;;
;likaou;a1;;;;
;liket;a1;;;;
;lin;a1;;;;
;lindag;a1;;;;
;lindr;a1;;;;
;lindrenn;a1;;;;
;linenn;a1;;;;
;link;a1;;;;
;linkr;a1;;;;
;lintr;a1;;;;
;liñv;a1;;;;
;liorzh;a1;;;;
;liorzhaou;a1;;;;
;lip;a1;;;;
;lipouz;a1;;;;
;lisiv;a1;;;;
;listenn;a1;;;;
;litenn;a1;;;;
;liv;a1;;;;
;livadenn;a1;;;;
;livant;a1;;;;
;livard;a1;;;;
;live;a1;;;;
;liver;a1;;;;
;livn;a1;;;;
;livrin;a1;;;;
;liz;a1;;;;
;lizenn;a1;;;;
;lizherenn;a1;;;;
;loakr;a1;;;;
;loariad;a1;;;;
;loav;a1;;;;
;loc'h;a1;;;;
;lod;a1;;;;
;lodenn;a1;;;;
;loen;a1;;;;
;loes;a1;;;;
;loev;a1;;;;
;loez;a1;;;;
;loj;a1;;;;
;loman;a1;;;;
;lonk;a1;;;;
;lonktraezh;a1;;;;
;lop;a1;;;;
;lorb;a1;;;;
;lorc'h;a1;;;;
;lord;a1;;;;
;lore;a1;;;;
;lorgn;a1;;;;
;loskaberzh;a1;;;;
;lost;a1;;;;
;lostenn;a1;;;;
;louad;a1;;;;
;louc'h;a1;;;;
;loued;a1;;;;
;louf;a1;;;;
;lourenn;a1;;;;
;louviad;a1;;;;
;louvigezh;a1;;;;
;louvtgezh;a1;;;;
;louz;a1;;;;
;louzaou;a1;;;;
;love;a1;;;;
;lovr;a1;;;;
;lu;a1;;;;
;luadenn;a1;;;;
;luban;a1;;;;
;luc'h;a1;;;;
;luc'hach;a1;;;;
;luc'hed;a1;;;;
;luc'heil;a1;;;;
;luc'hengrav;a1;;;;
;luc'hrann;a1;;;;
;luc'hskeudenn;a1;;;;
;luc'htorr;a1;;;;
;luc'hvann;a1;;;;
;luch;a1;;;;
;lud;a1;;;;
;ludresadenn;a1;;;;
;ludu;a1;;;;
;luduenn;a1;;;;
;lufr;a1;;;;
;lufrennaou;a1;;;;
;lug;a1;;;;
;lugern;a1;;;;
;lugud;a1;;;;
;lurell;a1;;;;
;lusenn;a1;;;;
;lusk;a1;;;;
;luskell;a1;;;;
;luskstroll;a1;;;;
;nac'h;a1;;;;
;nac'henn;a1;;;;
;nadozenn;a1;;;;
;nagenn;a1;;;;
;nak;a1;;;;
;namm;a1;;;;
;naoneg;a1;;;;
;nask;a1;;;;
;natur;a1;;;;
;naturel;a1;;;;
;nav;a1;;;;
;navc'hement;a1;;;;
;navedenn;a1;;;;
;nec'h;a1;;;;
;neg;a1;;;;
;negez;a1;;;;
;neizhstumm;a1;;;;
;ner;a1;;;;
;nerad;a1;;;;
;nerzh;a1;;;;
;neudenn;a1;;;;
;neuenn;a1;;;;
;neuer;a1;;;;
;neuñv;a1;;;;
;neuñvenn;a1;;;;
;neuznevez;a1;;;;
;nevez;a1;;;;
;nevezadenn;a1;;;;
;nez;a1;;;;
;nij;a1;;;;
;nijell;a1;;;;
;nikel;a1;;;;
;niñv;a1;;;;
;niver;a1;;;;
;niverenn;a1;;;;
;nivlenn;a1;;;;
;niz;a1;;;;
;noaz;a1;;;;
;nobl;a1;;;;
;nod;a1;;;;
;noilh;a1;;;;
;not;a1;;;;
;notenn;a1;;;;
;notennaou;a1;;;;
;nou;a1;;;;
;noualant;a1;;;;
;nouel;a1;;;;
;nouenn;a1;;;;
;noz;a1;;;;
;nozel;a1;;;;
;nozelenn;a1;;;;
;null;a1;;;;
;oan;a1;;;;
;oc'h;a1;;;;
;oek;a1;;;;
;oferenn;a1;;;;
;ofis;a1;;;;
;og;a1;;;;
;oged;a1;;;;
;ograou;a1;;;;
;oksigen;a1;;;;
;olev;a1;;;;
;onest;a1;;;;
;onglenn;a1;;;;
;opten;a1;;;;
;orbid;a1;;;;
;ordren;a1;;;;
;organell;a1;;;;
;orged;a1;;;;
;orin;a1;;;;
;orjalenn;a1;;;;
;ostiz;a1;;;;
;ouarn;a1;;;;
;ouboazh;a1;;;;
;oubreizh;a1;;;;
;oudeuz;a1;;;;
;oudor;a1;;;;
;ouel;a1;;;;
;oueled;a1;;;;
;ouelezenn;a1;;;;
;oueliaou;a1;;;;
;ouenn;a1;;;;
;ouer;a1;;;;
;ouerouz;a1;;;;
;ouestl;a1;;;;
;ouestlaou;a1;;;;
;ouf;a1;;;;
;ougan;a1;;;;
;ougevan;a1;;;;
;ougomz;a1;;;;
;ougousk;a1;;;;
;ougren;a1;;;;
;ouin;a1;;;;
;oujenn;a1;;;;
;oul;a1;;;;
;oulaou;a1;;;;
;oular;a1;;;;
;oulazh;a1;;;;
;oulenn;a1;;;;
;oulerc'h;a1;;;;
;oulosk;a1;;;;
;ounez;a1;;;;
;ouraou;a1;;;;
;ourazez;a1;;;;
;ourc'haou;a1;;;;
;ourc'he;a1;;;;
;ourc'hemenn;a1;;;;
;ourc'hemennaou;a1;;;;
;ourd;a1;;;;
;ourdon;a1;;;;
;ourdour;a1;;;;
;ourdrouz;a1;;;;
;ourem;a1;;;;
;ouremenn;a1;;;;
;ouren;a1;;;;
;ourfed;a1;;;;
;ourfenn;a1;;;;
;ourfoul;a1;;;;
;ourgamm;a1;;;;
;ourgouilh;a1;;;;
;ourhed;a1;;;;
;ouriz;a1;;;;
;ourlamm;a1;;;;
;ourled;a1;;;;
;ourlonk;a1;;;;
;ourlosk;a1;;;;
;ourlufr;a1;;;;
;ourmach;a1;;;;
;ourmenn;a1;;;;
;ourn;a1;;;;
;ournij;a1;;;;
;ournijell;a1;;;;
;ouronked;a1;;;;
;ouroul;a1;;;;
;ours;a1;;;;
;oursav;a1;;;;
;oursez;a1;;;;
;ourvadez;a1;;;;
;ourvenn;a1;;;;
;ourvez;a1;;;;
;ourwalc'h;a1;;;;
;ourz;a1;;;;
;ourzaol;a1;;;;
;ourzarzh;a1;;;;
;ourzomm;a1;;;;
;ourzrec'h;a1;;;;
;ousailh;a1;;;;
;oust;a1;;;;
;oustilh;a1;;;;
;ouven;a1;;;;
;ouverk;a1;;;;
;ouvid;a1;;;;
;ouwel;a1;;;;
;ouzañv;a1;;;;
;ouzelv;a1;;;;
;ouzerc'h;a1;;;;
;ouzhpenn;a1;;;;
;ouzienn;a1;;;;
;ouzigor;a1;;;;
;ouziz;a1;;;;
;ouzoug;a1;;;;
;ouzour;a1;;;;
;ouzrein;a1;;;;
;rabank;a1;;;;
;rabat;a1;;;;
;rabot;a1;;;;
;rac'h;a1;;;;
;rac'hoan;a1;;;;
;radiografi;a1;;;;
;rafl;a1;;;;
;ragach;a1;;;;
;raganavaz;a1;;;;
;ragaoz;a1;;;;
;ragat;a1;;;;
;rahouenn;a1;;;;
;rak;a1;;;;
;rakdiazez;a1;;;;
;rakdiviz;a1;;;;
;rakdiwall;a1;;;;
;rakjed;a1;;;;
;rakkemenn;a1;;;;
;rakkempenn;a1;;;;
;rakkerzh;a1;;;;
;rakkred;a1;;;;
;rakl;a1;;;;
;rakpoell;a1;;;;
;rakpren;a1;;;;
;rakprizon;a1;;;;
;raksant;a1;;;;
;raksell;a1;;;;
;raksketidennadur;a1;;;;
;raksoñj;a1;;;;
;raksterennig;a1;;;;
;rakstumm;a1;;;;
;raktaolenn;a1;;;;
;raktomm;a1;;;;
;raktres;a1;;;;
;rakvarn;a1;;;;
;rakveneg;a1;;;;
;rakverz;a1;;;;
;rakvez;a1;;;;
;rakwel;a1;;;;
;raleg;a1;;;;
;rambre;a1;;;;
;ramgloud;a1;;;;
;ramok;a1;;;;
;ramp;a1;;;;
;ramparzh;a1;;;;
;randon;a1;;;;
;rane;a1;;;;
;ranell;a1;;;;
;ranezenn;a1;;;;
;rangouilh;a1;;;;
;rañjenn;a1;;;;
;rank;a1;;;;
;rann;a1;;;;
;rannbae;a1;;;;
;ranngalon;a1;;;;
;rannyezh;a1;;;;
;ranouz;a1;;;;
;ranr;a1;;;;
;rañv;a1;;;;
;rañvell;a1;;;;
;raou;a1;;;;
;raoul;a1;;;;
;rapar;a1;;;;
;rased;a1;;;;
;rask;a1;;;;
;raskl;a1;;;;
;rastell;a1;;;;
;ratouz;a1;;;;
;ratre;a1;;;;
;ravailhon;a1;;;;
;ravalink;a1;;;;
;ravanell;a1;;;;
;ravod;a1;;;;
;raz;a1;;;;
;razailh;a1;;;;
;razh;a1;;;;
;rebarb;a1;;;;
;rebech;a1;;;;
;rebed;a1;;;;
;rebek;a1;;;;
;rebours;a1;;;;
;rec'h;a1;;;;
;rechet;a1;;;;
;redi;a1;;;;
;redim;a1;;;;
;redis;a1;;;;
;refors;a1;;;;
;refuz;a1;;;;
;reg;a1;;;;
;regarzh;a1;;;;
;regas;a1;;;;
;regemer;a1;;;;
;regenn;a1;;;;
;regez;a1;;;;
;regresk;a1;;;;
;reilhenn;a1;;;;
;reimplij;a1;;;;
;reizh;a1;;;;
;reizhabeg;a1;;;;
;reizhadur;a1;;;;
;reizhenn;a1;;;;
;reizhskriv;a1;;;;
;reket;a1;;;;
;rekin;a1;;;;
;rekiz;a1;;;;
;rekour;a1;;;;
;relach;a1;;;;
;remed;a1;;;;
;remerk;a1;;;;
;remoul;a1;;;;
;remz;a1;;;;
;ren;a1;;;;
;renabl;a1;;;;
;renak;a1;;;;
;rendael;a1;;;;
;renevez;a1;;;;
;renk;a1;;;;
;rent;a1;;;;
;reol;a1;;;;
;reolenn;a1;;;;
;repoz;a1;;;;
;repren;a1;;;;
;repu;a1;;;;
;republikan;a1;;;;
;reputu;a1;;;;
;resed;a1;;;;
;resev;a1;;;;
;resiz;a1;;;;
;respet;a1;;;;
;respont;a1;;;;
;rest;a1;;;;
;restaol;a1;;;;
;reter;a1;;;;
;retorn;a1;;;;
;retre;a1;;;;
;retred;a1;;;;
;reud;a1;;;;
;reuz;a1;;;;
;rev;a1;;;;
;reveulzi;a1;;;;
;revil;a1;;;;
;revoneiz;a1;;;;
;rewerzh;a1;;;;
;rez;a1;;;;
;rezinenn;a1;;;;
;ribakenn;a1;;;;
;ribardenn;a1;;;;
;ribiñs;a1;;;;
;ribl;a1;;;;
;riblenn;a1;;;;
;ribod;a1;;;;
;ribot;a1;;;;
;ribouilh;a1;;;;
;riboul;a1;;;;
;richan;a1;;;;
;ridell;a1;;;;
;riell;a1;;;;
;rif;a1;;;;
;rigas;a1;;;;
;rigedag;a1;;;;
;rigogn;a1;;;;
;rikaman;a1;;;;
;rikl;a1;;;;
;rim;a1;;;;
;rimadell;a1;;;;
;rink;a1;;;;
;riñs;a1;;;;
;riñv;a1;;;;
;riñved;a1;;;;
;riolenn;a1;;;;
;riot;a1;;;;
;rip;a1;;;;
;ris;a1;;;;
;risign;a1;;;;
;riskl;a1;;;;
;riv;a1;;;;
;rivin;a1;;;;
;riz;a1;;;;
;rizenn;a1;;;;
;roc'h;a1;;;;
;roc'hell;a1;;;;
;roc'hkenn;a1;;;;
;rod;a1;;;;
;rodell;a1;;;;
;rodellaou;a1;;;;
;roeg;a1;;;;
;roeñv;a1;;;;
;roeñvigenn;a1;;;;
;roll;a1;;;;
;rollad;a1;;;;
;rolladenn;a1;;;;
;rollverv;a1;;;;
;rolt;a1;;;;
;romant;a1;;;;
;ronk;a1;;;;
;ronkonell;a1;;;;
;rord;a1;;;;
;roskign;a1;;;;
;rost;a1;;;;
;rotel;a1;;;;
;roudenn;a1;;;;
;roued;a1;;;;
;rouestl;a1;;;;
;roufenn;a1;;;;
;rouinell;a1;;;;
;roul;a1;;;;
;rourenn;a1;;;;
;rouz;a1;;;;
;rouzmouz;a1;;;;
;rozell;a1;;;;
;ruban;a1;;;;
;rubanenn;a1;;;;
;rud;a1;;;;
;rudell;a1;;;;
;rufan;a1;;;;
;rufl;a1;;;;
;rug;a1;;;;
;rugbi;a1;;;;
;ruilh;a1;;;;
;rukun;a1;;;;
;rumm;a1;;;;
;rustoni;a1;;;;
;ruz;a1;;;;
;ruzell;a1;;;;
;ruzik;a1;;;;
;sabatu;a1;;;;
;sabatur;a1;;;;
;sabrenn;a1;;;;
;sac'h;a1;;;;
;sac'hell;a1;;;;
;sac'hlut;a1;;;;
;sach;a1;;;;
;sadorn;a1;;;;
;saezh;a1;;;;
;saezhenn;a1;;;;
;safar;a1;;;;
;saflik;a1;;;;
;safron;a1;;;;
;safronell;a1;;;;
;sailh;a1;;;;
;sak;a1;;;;
;sakramant;a1;;;;
;sakre;a1;;;;
;sall;a1;;;;
;salm;a1;;;;
;salmenn;a1;;;;
;salud;a1;;;;
;salv;a1;;;;
;samm;a1;;;;
;sammed;a1;;;;
;sanailh;a1;;;;
;sank;a1;;;;
;sant;a1;;;;
;santel;a1;;;;
;santelezh;a1;;;;
;saotr;a1;;;;
;saour;a1;;;;
;saouzan;a1;;;;
;saoz;a1;;;;
;saozneg;a1;;;;
;sap;a1;;;;
;sarac'h;a1;;;;
;sardon;a1;;;;
;sardonenn;a1;;;;
;sarmon;a1;;;;
;sasun;a1;;;;
;satin;a1;;;;
;satouilh;a1;;;;
;savadell;a1;;;;
;savadenn;a1;;;;
;savadur;a1;;;;
;savel;a1;;;;
;sebez;a1;;;;
;seblant;a1;;;;
;sebour;a1;;;;
;sec'h;a1;;;;
;sec'hed;a1;;;;
;seiz;a1;;;;
;seizenn;a1;;;;
;seizhkement;a1;;;;
;seizhvedenn;a1;;;;
;selaou;a1;;;;
;selaouenn;a1;;;;
;sell;a1;;;;
;selldres;a1;;;;
;semenn;a1;;;;
;sempl;a1;;;;
;senklenn;a1;;;;
;sent;a1;;;;
;serc'h;a1;;;;
;serc'haou;a1;;;;
;serin;a1;;;;
;serjant;a1;;;;
;serr;a1;;;;
;serrnoz;a1;;;;
;servij;a1;;;;
;serzhvann;a1;;;;
;setañs;a1;;;;
;seulbenn;a1;;;;
;seven;a1;;;;
;seziz;a1;;;;
;si;a1;;;;
;siblenn;a1;;;;
;sich;a1;;;;
;siell;a1;;;;
;sifel;a1;;;;
;sifern;a1;;;;
;sifr;a1;;;;
;sign;a1;;;;
;sigot;a1;;;;
;sigur;a1;;;;
;sik;a1;;;;
;sikour;a1;;;;
;sil;a1;;;;
;silabrenn;a1;;;;
;silc'h;a1;;;;
;sildrouezh;a1;;;;
;silh;a1;;;;
;silienn;a1;;;;
;simant;a1;;;;
;simbalenn;a1;;;;
;simiad;a1;;;;
;simm;a1;;;;
;simuc'h;a1;;;;
;simud;a1;;;;
;sin;a1;;;;
;sinac'h;a1;;;;
;sinifi;a1;;;;
;sinkl;a1;;;;
;sintr;a1;;;;
;sioc'han;a1;;;;
;sip;a1;;;;
;sivelenn;a1;;;;
;sizailh;a1;;;;
;skalf;a1;;;;
;skamp;a1;;;;
;skañbenn;a1;;;;
;skandal;a1;;;;
;skant;a1;;;;
;skantenn;a1;;;;
;skañvbenn;a1;;;;
;skaodu;a1;;;;
;skaot;a1;;;;
;skar;a1;;;;
;skarbell;a1;;;;
;skarbot;a1;;;;
;skarill;a1;;;;
;skarinek;a1;;;;
;skarnil;a1;;;;
;skarr;a1;;;;
;skarv;a1;;;;
;skarzh;a1;;;;
;sked;a1;;;;
;skej;a1;;;;
;skejenn;a1;;;;
;skeltrenn;a1;;;;
;skeudenn;a1;;;;
;skeudennaou;a1;;;;
;skeuliad;a1;;;;
;ski;a1;;;;
;skid;a1;;;;
;skign;a1;;;;
;skij;a1;;;;
;skilf;a1;;;;
;skilfenn;a1;;;;
;skiltr;a1;;;;
;skin;a1;;;;
;skindomm;a1;;;;
;skingas;a1;;;;
;skingelaou;a1;;;;
;skingemmen;a1;;;;
;skingomz;a1;;;;
;skingur;a1;;;;
;skinlun;a1;;;;
;skinskeudenn;a1;;;;
;skiriaou;a1;;;;
;sklain;a1;;;;
;sklank;a1;;;;
;sklankenn;a1;;;;
;sklas;a1;;;;
;sklav;a1;;;;
;sklerijenn;a1;;;;
;sklêrijenn;a1;;;;
;skleur;a1;;;;
;sklintin;a1;;;;
;sklisafi;a1;;;;
;sklisennn;a1;;;;
;sklok;a1;;;;
;skloped;a1;;;;
;sklut;a1;;;;
;skluz;a1;;;;
;skoach;a1;;;;
;skoan;a1;;;;
;skoazellus;a1;;;;
;skod;a1;;;;
;skodenn;a1;;;;
;skoelf;a1;;;;
;skoeñv;a1;;;;
;skoilh;a1;;;;
;skolp;a1;;;;
;skolpenn;a1;;;;
;skop;a1;;;;
;skopigell;a1;;;;
;skor;a1;;;;
;skorch;a1;;;;
;skorn;a1;;;;
;skosell;a1;;;;
;skouer;a1;;;;
;skoulm;a1;;;;
;skoultrenn;a1;;;;
;skourj;a1;;;;
;skourjez;a1;;;;
;skourr;a1;;;;
;skouzach;a1;;;;
;skrab;a1;;;;
;skrabell;a1;;;;
;skrammgehent;a1;;;;
;skramp;a1;;;;
;skrap;a1;;;;
;skrapadeg;a1;;;;
;skridaoz;a1;;;;
;skriddael;a1;;;;
;skridvarn;a1;;;;
;skrign;a1;;;;
;skrij;a1;;;;
;skrimp;a1;;;;
;skritell;a1;;;;
;skriv;a1;;;;
;skrivell;a1;;;;
;skriverez;a1;;;;
;skroeñj;a1;;;;
;skub;a1;;;;
;skuerm;a1;;;;
;skuilh;a1;;;;
;skuizh;a1;;;;
;skult;a1;;;;
;skurz;a1;;;;
;soav;a1;;;;
;soavon;a1;;;;
;sobon;a1;;;;
;soc'h;a1;;;;
;soc'hell;a1;;;;
;sod;a1;;;;
;sodell;a1;;;;
;sodez;a1;;;;
;soet;a1;;;;
;sol;a1;;;;
;soledenn;a1;;;;
;solier;a1;;;;
;sonaoz;a1;;;;
;sond;a1;;;;
;sonenskriv;a1;;;;
;songeid;a1;;;;
;soñj;a1;;;;
;sonlenn;a1;;;;
;sonn;a1;;;;
;sonte;a1;;;;
;sor;a1;;;;
;sorb;a1;;;;
;sorc'henn;a1;;;;
;sord;a1;;;;
;sorenn;a1;;;;
;soroc'h;a1;;;;
;sou;a1;;;;
;soub;a1;;;;
;soubenn;a1;;;;
;soubilh;a1;;;;
;soubinell;a1;;;;
;soubl;a1;;;;
;soubladenn;a1;;;;
;soubouilh;a1;;;;
;souch;a1;;;;
;soud;a1;;;;
;souezh;a1;;;;
;soufr;a1;;;;
;soul;a1;;;;
;soulad;a1;;;;
;soulbren;a1;;;;
;soulgann;a1;;;;
;soulgarg;a1;;;;
;soulgas;a1;;;;
;soulwerzh;a1;;;;
;soupren;a1;;;;
;sour;a1;;;;
;sourd;a1;;;;
;sourin;a1;;;;
;sourr;a1;;;;
;sourrenn;a1;;;;
;soursi;a1;;;;
;souten;a1;;;;
;souz;a1;;;;
;spadoul;a1;;;;
;span;a1;;;;
;spanaenn;a1;;;;
;sparf;a1;;;;
;sparl;a1;;;;
;sparr;a1;;;;
;spazh;a1;;;;
;speg;a1;;;;
;spelc'h;a1;;;;
;speredel;a1;;;;
;speurell;a1;;;;
;speurenn;a1;;;;
;speurennaou;a1;;;;
;spi;a1;;;;
;spilhenn;a1;;;;
;spin;a1;;;;
;spinac'h;a1;;;;
;spir;a1;;;;
;spis;a1;;;;
;spisverz;a1;;;;
;splann;a1;;;;
;splet;a1;;;;
;spluj;a1;;;;
;spont;a1;;;;
;spontailh;a1;;;;
;spoue;a1;;;;
;spoum;a1;;;;
;spouron;a1;;;;
;sprir;a1;;;;
;spuf;a1;;;;
;spurj;a1;;;;
;spurmant;a1;;;;
;stad;a1;;;;
;stadel;a1;;;;
;staen;a1;;;;
;stag;a1;;;;
;stagell;a1;;;;
;stambouc'h;a1;;;;
;stamm;a1;;;;
;stamouz;a1;;;;
;stamp;a1;;;;
;standilh;a1;;;;
;standilhon;a1;;;;
;stank;a1;;;;
;stankenn;a1;;;;
;stañson;a1;;;;
;staot;a1;;;;
;stard;a1;;;;
;statud;a1;;;;
;stec'henn;a1;;;;
;stegn;a1;;;;
;stellenn;a1;;;;
;stenn;a1;;;;
;steredenn;a1;;;;
;stergann;a1;;;;
;stern;a1;;;;
;steud;a1;;;;
;steudenn;a1;;;;
;steuñv;a1;;;;
;steuz;a1;;;;
;stign;a1;;;;
;stilh;a1;;;;
;stip;a1;;;;
;stir;a1;;;;
;stirlink;a1;;;;
;stlabez;a1;;;;
;stlafad;a1;;;;
;stlak;a1;;;;
;stlakadeg;a1;;;;
;stlej;a1;;;;
;stleug;a1;;;;
;stoc'h;a1;;;;
;stonk;a1;;;;
;storlok;a1;;;;
;stou;a1;;;;
;stouadenn;a1;;;;
;stoub;a1;;;;
;stouf;a1;;;;
;stouk;a1;;;;
;stourm;a1;;;;
;stouv;a1;;;;
;strabouilh;a1;;;;
;strad;a1;;;;
;strafuilh;a1;;;;
;strak;a1;;;;
;strakell;a1;;;;
;strakl;a1;;;;
;stran;a1;;;;
;strañj;a1;;;;
;strap;a1;;;;
;strapenn;a1;;;;
;strebot;a1;;;;
;strep;a1;;;;
;strepedenn;a1;;;;
;strew;a1;;;;
;stribouilh;a1;;;;
;strilh;a1;;;;
;strimp;a1;;;;
;strink;a1;;;;
;strinkadenn;a1;;;;
;strinkell;a1;;;;
;strinkellik;a1;;;;
;strinkenn;a1;;;;
;striv;a1;;;;
;strizh;a1;;;;
;strob;a1;;;;
;strobell;a1;;;;
;strobinell;a1;;;;
;strod;a1;;;;
;strog;a1;;;;
;stroge;a1;;;;
;stroll;a1;;;;
;strolladenn;a1;;;;
;stronk;a1;;;;
;stroñs;a1;;;;
;stroñsadenn;a1;;;;
;strop;a1;;;;
;strouezh;a1;;;;
;strouilh;a1;;;;
;strum;a1;;;;
;stuc'hell;a1;;;;
;stuc'henn;a1;;;;
;studi;a1;;;;
;studiadenn;a1;;;;
;stultenn;a1;;;;
;stumm;a1;;;;
;stun;a1;;;;
;stuntell;a1;;;;
;sublim;a1;;;;
;suc'hell;a1;;;;
;suilh;a1;;;;
;suj;a1;;;;
;sukr;a1;;;;
;sulbedenn;a1;;;;
;sun;a1;;;;
;sut;a1;;;;
;sutell;a1;;;;
;uhelbriz;a1;;;;
;uhelvrud;a1;;;;
;unan;a1;;;;
;unangomz;a1;;;;
;uni;a1;;;;
;unvan;a1;;;;
;urisin;a1;;;;
;urzhiad;a1;;;;
;uz;a1;;;;
;vakañs;a1;;;;
;yalc'h;a1;;;;
;yalp;a1;;;;
;yar;a1;;;;
;yec'hed;a1;;;;
;yen;a1;;;;
;yev;a1;;;;
;yoc'h;a1;;;;
;yodenn;a1;;;;
;you;a1;;;;
youc’hal;youc'h;a1;;;;
;youl;a1;;;;
yudal;yud;a1;hurler;;;
gouzout;;gouzout;savoir;;;
dont;deu;dont;venir;;;
